formation_start,formation_end,stock1,stock2,ssd,saved_timestamp
2010-01-04,2010-12-31,EVRG,SO,0.07515065893535747,2025-12-09 20:52:39.015574
2010-01-04,2010-12-31,SO,WEC,0.10321196759932527,2025-12-09 20:52:39.015574
2010-01-04,2010-12-31,AEP,DUK,0.10632661471494217,2025-12-09 20:52:39.015574
2010-01-04,2010-12-31,AWK,KO,0.11139887603802742,2025-12-09 20:52:39.015574
2010-01-04,2010-12-31,DUK,ED,0.13350273682650768,2025-12-09 20:52:39.015574
2010-01-04,2010-12-31,NI,PNW,0.13572044659763313,2025-12-09 20:52:39.015574
2010-01-04,2010-12-31,CLX,CPB,0.13994448825850703,2025-12-09 20:52:39.015574
2010-01-04,2010-12-31,PNW,XEL,0.14358215939686753,2025-12-09 20:52:39.015574
2010-01-04,2010-12-31,EVRG,WEC,0.1463831600766296,2025-12-09 20:52:39.015574
2010-01-04,2010-12-31,ED,XEL,0.15265549432528777,2025-12-09 20:52:39.015574
2010-07-06,2011-07-01,ED,PNW,0.043074405344308814,2025-12-09 20:52:40.083508
2010-07-06,2011-07-01,SO,WEC,0.05120009702913876,2025-12-09 20:52:40.083508
2010-07-06,2011-07-01,ED,SO,0.061028929301287074,2025-12-09 20:52:40.083508
2010-07-06,2011-07-01,DUK,XEL,0.06725186062492916,2025-12-09 20:52:40.083508
2010-07-06,2011-07-01,ED,WEC,0.0674435550611106,2025-12-09 20:52:40.083508
2010-07-06,2011-07-01,PNW,WEC,0.0892786579651163,2025-12-09 20:52:40.083508
2010-07-06,2011-07-01,PNW,SO,0.09820064660429598,2025-12-09 20:52:40.083508
2010-07-06,2011-07-01,EVRG,LNT,0.11351001233291108,2025-12-09 20:52:40.083508
2010-07-06,2011-07-01,SO,XEL,0.1479968682788944,2025-12-09 20:52:40.083508
2010-07-06,2011-07-01,NEE,SRE,0.15930968576141052,2025-12-09 20:52:40.083508
2011-01-03,2011-12-30,CMS,WEC,0.06608602539232736,2025-12-09 20:52:41.133020
2011-01-03,2011-12-30,PNW,WEC,0.06921428572487738,2025-12-09 20:52:41.133020
2011-01-03,2011-12-30,CMS,PNW,0.0841492040167508,2025-12-09 20:52:41.133020
2011-01-03,2011-12-30,DUK,SO,0.09873112758412893,2025-12-09 20:52:41.133020
2011-01-03,2011-12-30,EVRG,XEL,0.10511280230519685,2025-12-09 20:52:41.133020
2011-01-03,2011-12-30,ES,NEE,0.10926763434835986,2025-12-09 20:52:41.133020
2011-01-03,2011-12-30,LNT,PNW,0.11244415042636813,2025-12-09 20:52:41.133020
2011-01-03,2011-12-30,WEC,XEL,0.12649649781522931,2025-12-09 20:52:41.133020
2011-01-03,2011-12-30,CMS,XEL,0.12695986691528663,2025-12-09 20:52:41.133020
2011-01-03,2011-12-30,CMS,EVRG,0.1361343135171613,2025-12-09 20:52:41.133020
2011-07-05,2012-07-02,CMS,WEC,0.08301085911854914,2025-12-09 20:52:42.038685
2011-07-05,2012-07-02,ED,SO,0.09539540282096429,2025-12-09 20:52:42.038685
2011-07-05,2012-07-02,VTR,WELL,0.09968938558075732,2025-12-09 20:52:42.038685
2011-07-05,2012-07-02,DTE,PNW,0.10016443527516972,2025-12-09 20:52:42.038685
2011-07-05,2012-07-02,EVRG,LNT,0.10503564275396218,2025-12-09 20:52:42.038685
2011-07-05,2012-07-02,DTE,EIX,0.11419043535590583,2025-12-09 20:52:42.038685
2011-07-05,2012-07-02,AEE,SO,0.11986193785315093,2025-12-09 20:52:42.038685
2011-07-05,2012-07-02,MKC,NEE,0.12370713200314688,2025-12-09 20:52:42.038685
2011-07-05,2012-07-02,CMS,XEL,0.13075998698372776,2025-12-09 20:52:42.038685
2011-07-05,2012-07-02,DUK,SO,0.1321335670450846,2025-12-09 20:52:42.038685
2012-01-03,2013-01-03,AVB,ESS,0.03291570242659738,2025-12-09 20:52:43.062113
2012-01-03,2013-01-03,AVB,MAA,0.04769118876638888,2025-12-09 20:52:43.062113
2012-01-03,2013-01-03,ESS,MAA,0.05173064643951087,2025-12-09 20:52:43.062113
2012-01-03,2013-01-03,AEE,ED,0.07063685373036716,2025-12-09 20:52:43.062113
2012-01-03,2013-01-03,D,XEL,0.0708027244498582,2025-12-09 20:52:43.062113
2012-01-03,2013-01-03,D,PEG,0.07789641610062742,2025-12-09 20:52:43.062113
2012-01-03,2013-01-03,DUK,XEL,0.08158089727480031,2025-12-09 20:52:43.062113
2012-01-03,2013-01-03,CMS,DTE,0.10393544341995878,2025-12-09 20:52:43.062113
2012-01-03,2013-01-03,SO,XEL,0.1053582075992911,2025-12-09 20:52:43.062113
2012-01-03,2013-01-03,EVRG,LNT,0.1117525316757391,2025-12-09 20:52:43.062113
2012-07-03,2013-07-05,D,EVRG,0.03738487114469721,2025-12-09 20:52:44.087767
2012-07-03,2013-07-05,PEG,XEL,0.07959585253169008,2025-12-09 20:52:44.087767
2012-07-03,2013-07-05,WEC,XEL,0.10734966852464226,2025-12-09 20:52:44.087767
2012-07-03,2013-07-05,ES,LNT,0.10879147557326842,2025-12-09 20:52:44.087767
2012-07-03,2013-07-05,DUK,WEC,0.11951260939069884,2025-12-09 20:52:44.087767
2012-07-03,2013-07-05,AEE,XEL,0.12714862661001597,2025-12-09 20:52:44.087767
2012-07-03,2013-07-05,AEE,PEG,0.1292180248744008,2025-12-09 20:52:44.087767
2012-07-03,2013-07-05,CMS,DTE,0.1322026933823254,2025-12-09 20:52:44.087767
2012-07-03,2013-07-05,KO,XEL,0.1336518776315842,2025-12-09 20:52:44.087767
2012-07-03,2013-07-05,KO,MO,0.13374143025993102,2025-12-09 20:52:44.087767
2013-01-04,2014-01-03,DTE,WEC,0.05098780026532672,2025-12-09 20:52:45.059847
2013-01-04,2014-01-03,CMS,EVRG,0.060278361461965156,2025-12-09 20:52:45.059847
2013-01-04,2014-01-03,CMS,DTE,0.06898769606743811,2025-12-09 20:52:45.059847
2013-01-04,2014-01-03,DTE,EVRG,0.10529417655450879,2025-12-09 20:52:45.059847
2013-01-04,2014-01-03,EVRG,WEC,0.10715765213865908,2025-12-09 20:52:45.059847
2013-01-04,2014-01-03,AEE,LNT,0.11024239538089985,2025-12-09 20:52:45.059847
2013-01-04,2014-01-03,CMS,WEC,0.11274012457018298,2025-12-09 20:52:45.059847
2013-01-04,2014-01-03,ED,EIX,0.11496649234890431,2025-12-09 20:52:45.059847
2013-01-04,2014-01-03,ES,PNW,0.1158178392712893,2025-12-09 20:52:45.059847
2013-01-04,2014-01-03,ES,XEL,0.11858183428564682,2025-12-09 20:52:45.059847
2013-07-08,2014-07-07,CMS,XEL,0.03988537898417402,2025-12-09 20:52:46.103813
2013-07-08,2014-07-07,DTE,LNT,0.06070947026446226,2025-12-09 20:52:46.103813
2013-07-08,2014-07-07,AWK,LNT,0.07062851206467077,2025-12-09 20:52:46.103813
2013-07-08,2014-07-07,DTE,WEC,0.07227667465346672,2025-12-09 20:52:46.103813
2013-07-08,2014-07-07,CMS,ES,0.07456157544638767,2025-12-09 20:52:46.103813
2013-07-08,2014-07-07,AWK,PPL,0.09168142624154735,2025-12-09 20:52:46.103813
2013-07-08,2014-07-07,ES,XEL,0.09415058645203142,2025-12-09 20:52:46.103813
2013-07-08,2014-07-07,DTE,PPL,0.09604079210727826,2025-12-09 20:52:46.103813
2013-07-08,2014-07-07,ED,PNW,0.09951978578560289,2025-12-09 20:52:46.103813
2013-07-08,2014-07-07,LNT,PPL,0.10250438033465661,2025-12-09 20:52:46.103813
2014-01-06,2015-01-05,AEP,CMS,0.056716955014753295,2025-12-09 20:52:47.098591
2014-01-06,2015-01-05,DUK,ED,0.0682329757455018,2025-12-09 20:52:47.098591
2014-01-06,2015-01-05,LNT,XEL,0.08013346014577198,2025-12-09 20:52:47.098591
2014-01-06,2015-01-05,AEP,LNT,0.08395049809884347,2025-12-09 20:52:47.098591
2014-01-06,2015-01-05,CMS,XEL,0.08455667475272793,2025-12-09 20:52:47.098591
2014-01-06,2015-01-05,GIS,K,0.08636552259408903,2025-12-09 20:52:47.098591
2014-01-06,2015-01-05,CMS,LNT,0.08710355594928987,2025-12-09 20:52:47.098591
2014-01-06,2015-01-05,CMS,PCG,0.10043400615592123,2025-12-09 20:52:47.098591
2014-01-06,2015-01-05,ELS,REG,0.1088934222229941,2025-12-09 20:52:47.098591
2014-01-06,2015-01-05,KIM,LNT,0.10963617076156931,2025-12-09 20:52:47.098591
2014-07-08,2015-07-07,ES,WEC,0.04984877084186135,2025-12-09 20:52:48.056981
2014-07-08,2015-07-07,AEP,LNT,0.05321816090035379,2025-12-09 20:52:48.056981
2014-07-08,2015-07-07,ATO,NEE,0.06586385504269487,2025-12-09 20:52:48.056981
2014-07-08,2015-07-07,AEE,LNT,0.09068319051464822,2025-12-09 20:52:48.056981
2014-07-08,2015-07-07,AEE,AEP,0.0935356221228962,2025-12-09 20:52:48.056981
2014-07-08,2015-07-07,ES,XEL,0.09669134488187708,2025-12-09 20:52:48.056981
2014-07-08,2015-07-07,EQR,REG,0.09728512701630028,2025-12-09 20:52:48.056981
2014-07-08,2015-07-07,AVB,EQR,0.1008117052580767,2025-12-09 20:52:48.056981
2014-07-08,2015-07-07,KIM,O,0.11069025533672547,2025-12-09 20:52:48.056981
2014-07-08,2015-07-07,EIX,ES,0.11577375094927782,2025-12-09 20:52:48.056981
2015-01-06,2016-01-05,AEP,DTE,0.04892321717579744,2025-12-09 20:52:49.074843
2015-01-06,2016-01-05,DTE,ES,0.0496202170979675,2025-12-09 20:52:49.074843
2015-01-06,2016-01-05,AEP,ES,0.0739724363094166,2025-12-09 20:52:49.074843
2015-01-06,2016-01-05,DTE,PNW,0.09058851229260698,2025-12-09 20:52:49.074843
2015-01-06,2016-01-05,KIM,O,0.09136651042497167,2025-12-09 20:52:49.074843
2015-01-06,2016-01-05,ES,PNW,0.09841568141009213,2025-12-09 20:52:49.074843
2015-01-06,2016-01-05,CMS,SPG,0.09993836262521323,2025-12-09 20:52:49.074843
2015-01-06,2016-01-05,KIM,REG,0.10261485915676342,2025-12-09 20:52:49.074843
2015-01-06,2016-01-05,AEE,ES,0.10451310923544331,2025-12-09 20:52:49.074843
2015-01-06,2016-01-05,PNW,SO,0.10600248513116312,2025-12-09 20:52:49.074843
2015-07-08,2016-07-06,CMS,XEL,0.04264628687440554,2025-12-09 20:52:50.011192
2015-07-08,2016-07-06,PNW,XEL,0.06945096677068313,2025-12-09 20:52:50.011192
2015-07-08,2016-07-06,DTE,PCG,0.0729314553173438,2025-12-09 20:52:50.011192
2015-07-08,2016-07-06,CMS,PNW,0.07964515695345492,2025-12-09 20:52:50.011192
2015-07-08,2016-07-06,AEP,SO,0.10570752604377716,2025-12-09 20:52:50.011192
2015-07-08,2016-07-06,AEP,NEE,0.1252905739906614,2025-12-09 20:52:50.011192
2015-07-08,2016-07-06,AEP,DTE,0.1272913302800527,2025-12-09 20:52:50.011192
2015-07-08,2016-07-06,AEP,PCG,0.13014628235919584,2025-12-09 20:52:50.011192
2015-07-08,2016-07-06,ED,PNW,0.13523726361177152,2025-12-09 20:52:50.011192
2015-07-08,2016-07-06,ED,XEL,0.14004755386277634,2025-12-09 20:52:50.011192
2016-01-06,2017-01-04,ATO,CMS,0.045937675444379225,2025-12-09 20:52:50.933220
2016-01-06,2017-01-04,ED,WEC,0.07340872797598391,2025-12-09 20:52:50.933220
2016-01-06,2017-01-04,CMS,WEC,0.07345160032236828,2025-12-09 20:52:50.933220
2016-01-06,2017-01-04,DTE,PNW,0.099015361131718,2025-12-09 20:52:50.933220
2016-01-06,2017-01-04,AEP,DUK,0.10247846977954814,2025-12-09 20:52:50.933220
2016-01-06,2017-01-04,DUK,XEL,0.10307320917050428,2025-12-09 20:52:50.933220
2016-01-06,2017-01-04,KIM,REG,0.11403578237095874,2025-12-09 20:52:50.933220
2016-01-06,2017-01-04,SRE,XEL,0.1159058822660018,2025-12-09 20:52:50.933220
2016-01-06,2017-01-04,CL,PM,0.1325369557345737,2025-12-09 20:52:50.933220
2016-01-06,2017-01-04,CMS,ED,0.1331019423841304,2025-12-09 20:52:50.933220
2016-07-07,2017-07-06,ATO,CMS,0.022033431299531607,2025-12-09 20:52:51.877812
2016-07-07,2017-07-06,CMS,XEL,0.03204789508161586,2025-12-09 20:52:51.877812
2016-07-07,2017-07-06,CMS,ED,0.033296786640325,2025-12-09 20:52:51.877812
2016-07-07,2017-07-06,CMS,ES,0.0343887510153558,2025-12-09 20:52:51.877812
2016-07-07,2017-07-06,ES,XEL,0.043594432279331734,2025-12-09 20:52:51.877812
2016-07-07,2017-07-06,DUK,ED,0.04399853434432499,2025-12-09 20:52:51.877812
2016-07-07,2017-07-06,ATO,ES,0.046634538961048924,2025-12-09 20:52:51.877812
2016-07-07,2017-07-06,EIX,PCG,0.05010727412477321,2025-12-09 20:52:51.877812
2016-07-07,2017-07-06,ATO,XEL,0.05135360146305145,2025-12-09 20:52:51.877812
2016-07-07,2017-07-06,DUK,SRE,0.06162911767334098,2025-12-09 20:52:51.877812
2017-01-05,2018-01-04,CMS,ES,0.04095362224062143,2025-12-09 20:52:52.867872
2017-01-05,2018-01-04,DUK,PNW,0.04574955708671738,2025-12-09 20:52:52.867872
2017-01-05,2018-01-04,DUK,ES,0.04973312134521342,2025-12-09 20:52:52.867872
2017-01-05,2018-01-04,AEP,ED,0.05028802714494947,2025-12-09 20:52:52.867872
2017-01-05,2018-01-04,CMS,ED,0.0510671059867291,2025-12-09 20:52:52.867872
2017-01-05,2018-01-04,LNT,WEC,0.05468175549369893,2025-12-09 20:52:52.867872
2017-01-05,2018-01-04,DTE,LNT,0.055641113366575554,2025-12-09 20:52:52.867872
2017-01-05,2018-01-04,AEE,LNT,0.05655145540724804,2025-12-09 20:52:52.867872
2017-01-05,2018-01-04,ES,PNW,0.058925635117121004,2025-12-09 20:52:52.867872
2017-01-05,2018-01-04,DTE,DUK,0.06481281160529605,2025-12-09 20:52:52.867872
2010-01-04,2010-12-31,EVRG,SO,0.07515065893535747,2025-12-09 20:52:53.844525
2010-01-04,2010-12-31,SO,WEC,0.10321196759932527,2025-12-09 20:52:53.844525
2010-01-04,2010-12-31,AEP,DUK,0.10632661471494217,2025-12-09 20:52:53.844525
2010-01-04,2010-12-31,AWK,KO,0.11139887603802742,2025-12-09 20:52:53.844525
2010-01-04,2010-12-31,DUK,ED,0.13350273682650768,2025-12-09 20:52:53.844525
2010-01-04,2010-12-31,NI,PNW,0.13572044659763313,2025-12-09 20:52:53.844525
2010-01-04,2010-12-31,CLX,CPB,0.13994448825850703,2025-12-09 20:52:53.844525
2010-01-04,2010-12-31,PNW,XEL,0.14358215939686753,2025-12-09 20:52:53.844525
2010-01-04,2010-12-31,EVRG,WEC,0.1463831600766296,2025-12-09 20:52:53.844525
2010-01-04,2010-12-31,ED,XEL,0.15265549432528777,2025-12-09 20:52:53.844525
2010-01-04,2010-12-31,KIM,REG,0.2962319739762653,2025-12-09 20:57:43.248125
2010-01-04,2010-12-31,AVB,ESS,0.3433000478884187,2025-12-09 20:57:43.248125
2010-01-04,2010-12-31,ELS,WPC,0.3480958447248978,2025-12-09 20:57:43.248125
2010-01-04,2010-12-31,AVB,EXR,0.4140586614676631,2025-12-09 20:57:43.248125
2010-01-04,2010-12-31,CCI,SBAC,0.4291754998596766,2025-12-09 20:57:43.248125
2010-01-04,2010-12-31,AMT,NLY,0.431311404194518,2025-12-09 20:57:43.248125
2010-01-04,2010-12-31,ELS,WELL,0.44601861834056944,2025-12-09 20:57:43.248125
2010-01-04,2010-12-31,ESS,EXR,0.454987525983223,2025-12-09 20:57:43.248125
2010-01-04,2010-12-31,SBAC,WELL,0.4864394938279736,2025-12-09 20:57:43.248125
2010-01-04,2010-12-31,REG,SPG,0.4893158864022069,2025-12-09 20:57:43.248125
2010-07-06,2011-07-01,AVB,ESS,0.2289411692640161,2025-12-09 20:57:43.431669
2010-07-06,2011-07-01,O,VTR,0.2523884674487165,2025-12-09 20:57:43.431669
2010-07-06,2011-07-01,EQR,SPG,0.3135041271035337,2025-12-09 20:57:43.431669
2010-07-06,2011-07-01,AVB,EQR,0.4092249518597626,2025-12-09 20:57:43.431669
2010-07-06,2011-07-01,PSA,WELL,0.4282112608205473,2025-12-09 20:57:43.431669
2010-07-06,2011-07-01,AMT,CCI,0.4334631520643535,2025-12-09 20:57:43.431669
2010-07-06,2011-07-01,ELS,WELL,0.4985106057655122,2025-12-09 20:57:43.431669
2010-07-06,2011-07-01,OHI,VTR,0.5544069876387859,2025-12-09 20:57:43.431669
2010-07-06,2011-07-01,AVB,MAA,0.5969152632107885,2025-12-09 20:57:43.431669
2010-07-06,2011-07-01,MAA,PSA,0.6020376898920815,2025-12-09 20:57:43.431669
2011-01-03,2011-12-30,KIM,REG,0.142180542631046,2025-12-09 20:57:43.612511
2011-01-03,2011-12-30,O,VTR,0.14582466140672803,2025-12-09 20:57:43.612511
2011-01-03,2011-12-30,PSA,SPG,0.1801732469288067,2025-12-09 20:57:43.612511
2011-01-03,2011-12-30,AVB,EQR,0.20290329341959773,2025-12-09 20:57:43.612511
2011-01-03,2011-12-30,AVB,ESS,0.2762345972592672,2025-12-09 20:57:43.612511
2011-01-03,2011-12-30,AVB,SUI,0.32789178210047476,2025-12-09 20:57:43.612511
2011-01-03,2011-12-30,MAA,NLY,0.4143502045874109,2025-12-09 20:57:43.612511
2011-01-03,2011-12-30,DLR,SPG,0.42687633714190054,2025-12-09 20:57:43.612511
2011-01-03,2011-12-30,DLR,EXR,0.4294714160444999,2025-12-09 20:57:43.612511
2011-01-03,2011-12-30,ESS,SUI,0.4359251065831173,2025-12-09 20:57:43.612511
2011-07-05,2012-07-02,VTR,WELL,0.09968938558075732,2025-12-09 20:57:43.786517
2011-07-05,2012-07-02,EQR,MAA,0.19901069729587495,2025-12-09 20:57:43.786517
2011-07-05,2012-07-02,KIM,REG,0.2696750521558049,2025-12-09 20:57:43.786517
2011-07-05,2012-07-02,O,SUI,0.3387582461898567,2025-12-09 20:57:43.786517
2011-07-05,2012-07-02,EXR,SBAC,0.34108263699337826,2025-12-09 20:57:43.786517
2011-07-05,2012-07-02,ESS,VTR,0.3704404831888044,2025-12-09 20:57:43.786517
2011-07-05,2012-07-02,EQR,NLY,0.3797953339364042,2025-12-09 20:57:43.786517
2011-07-05,2012-07-02,PLD,WY,0.3863396559452531,2025-12-09 20:57:43.786517
2011-07-05,2012-07-02,DLR,WPC,0.39546253893645444,2025-12-09 20:57:43.786517
2011-07-05,2012-07-02,AVB,ESS,0.39615134111917216,2025-12-09 20:57:43.786517
2012-01-03,2013-01-03,AVB,ESS,0.03291570242659738,2025-12-09 20:57:43.970027
2012-01-03,2013-01-03,AVB,MAA,0.04769118876638888,2025-12-09 20:57:43.970027
2012-01-03,2013-01-03,ESS,MAA,0.05173064643951087,2025-12-09 20:57:43.970027
2012-01-03,2013-01-03,AVB,EQR,0.16385861887645642,2025-12-09 20:57:43.970027
2012-01-03,2013-01-03,EQR,MAA,0.18101237696536748,2025-12-09 20:57:43.970027
2012-01-03,2013-01-03,EQR,ESS,0.2079520256700164,2025-12-09 20:57:43.970027
2012-01-03,2013-01-03,O,SPG,0.21211180037264565,2025-12-09 20:57:43.970027
2012-01-03,2013-01-03,PSA,WELL,0.34427454913448086,2025-12-09 20:57:43.970027
2012-01-03,2013-01-03,KIM,O,0.4022739204541679,2025-12-09 20:57:43.970027
2012-01-03,2013-01-03,CCI,SBAC,0.4065689904540997,2025-12-09 20:57:43.970027
2012-07-03,2013-07-05,ESS,MAA,0.14698016732397856,2025-12-09 20:57:44.169451
2012-07-03,2013-07-05,PSA,SPG,0.16546485325707802,2025-12-09 20:57:44.169451
2012-07-03,2013-07-05,VTR,WELL,0.18809136333840087,2025-12-09 20:57:44.169451
2012-07-03,2013-07-05,AVB,EQR,0.2519885478434823,2025-12-09 20:57:44.169451
2012-07-03,2013-07-05,REG,VTR,0.3706578228042966,2025-12-09 20:57:44.169451
2012-07-03,2013-07-05,O,REG,0.3717449319427948,2025-12-09 20:57:44.169451
2012-07-03,2013-07-05,ELS,PSA,0.37491988337645993,2025-12-09 20:57:44.169451
2012-07-03,2013-07-05,ELS,SUI,0.4104871977069321,2025-12-09 20:57:44.169451
2012-07-03,2013-07-05,KIM,WELL,0.4190509623412428,2025-12-09 20:57:44.169451
2012-07-03,2013-07-05,O,VTR,0.45457554415874324,2025-12-09 20:57:44.169451
2013-01-04,2014-01-03,AVB,EQR,0.17606987594410986,2025-12-09 20:57:44.378549
2013-01-04,2014-01-03,KIM,REG,0.1907899040327241,2025-12-09 20:57:44.378549
2013-01-04,2014-01-03,ELS,KIM,0.2160704525497722,2025-12-09 20:57:44.378549
2013-01-04,2014-01-03,MAA,SPG,0.24426571222550705,2025-12-09 20:57:44.378549
2013-01-04,2014-01-03,O,VTR,0.29615726935974424,2025-12-09 20:57:44.378549
2013-01-04,2014-01-03,VTR,WELL,0.3121648894786755,2025-12-09 20:57:44.378549
2013-01-04,2014-01-03,AMT,CCI,0.31504697744941884,2025-12-09 20:57:44.378549
2013-01-04,2014-01-03,O,WELL,0.31975829483992585,2025-12-09 20:57:44.378549
2013-01-04,2014-01-03,AMT,WY,0.34042304273842716,2025-12-09 20:57:44.378549
2013-01-04,2014-01-03,MAA,PLD,0.3679687723407896,2025-12-09 20:57:44.378549
2013-07-08,2014-07-07,MAA,SPG,0.10311332068336132,2025-12-09 20:57:44.537131
2013-07-08,2014-07-07,KIM,REG,0.11876318986404107,2025-12-09 20:57:44.537131
2013-07-08,2014-07-07,ESS,MAA,0.11913383233467284,2025-12-09 20:57:44.537131
2013-07-08,2014-07-07,KIM,MAA,0.1770460441297081,2025-12-09 20:57:44.537131
2013-07-08,2014-07-07,ESS,SPG,0.18341830537711729,2025-12-09 20:57:44.537131
2013-07-08,2014-07-07,MAA,REG,0.18969049404593324,2025-12-09 20:57:44.537131
2013-07-08,2014-07-07,KIM,O,0.19401029109622214,2025-12-09 20:57:44.537131
2013-07-08,2014-07-07,KIM,SPG,0.19903092333581174,2025-12-09 20:57:44.537131
2013-07-08,2014-07-07,O,REG,0.2206903484372284,2025-12-09 20:57:44.537131
2013-07-08,2014-07-07,EQR,MAA,0.23400739150442912,2025-12-09 20:57:44.537131
2014-01-06,2015-01-05,ELS,REG,0.1088934222229941,2025-12-09 20:57:44.703174
2014-01-06,2015-01-05,ELS,EQR,0.11288837938726742,2025-12-09 20:57:44.703174
2014-01-06,2015-01-05,AVB,REG,0.133419739634377,2025-12-09 20:57:44.703174
2014-01-06,2015-01-05,KIM,PSA,0.13880642118839231,2025-12-09 20:57:44.703174
2014-01-06,2015-01-05,AVB,EQR,0.14146765630078278,2025-12-09 20:57:44.703174
2014-01-06,2015-01-05,EQR,REG,0.15614301071371645,2025-12-09 20:57:44.703174
2014-01-06,2015-01-05,KIM,O,0.15936608215612183,2025-12-09 20:57:44.703174
2014-01-06,2015-01-05,KIM,SPG,0.2007766346072273,2025-12-09 20:57:44.703174
2014-01-06,2015-01-05,AVB,ELS,0.22196465406557775,2025-12-09 20:57:44.703174
2014-01-06,2015-01-05,EQR,ESS,0.24981129447155065,2025-12-09 20:57:44.703174
2014-07-08,2015-07-07,EQR,REG,0.09728512701630028,2025-12-09 20:57:44.892618
2014-07-08,2015-07-07,AVB,EQR,0.1008117052580767,2025-12-09 20:57:44.892618
2014-07-08,2015-07-07,KIM,O,0.11069025533672547,2025-12-09 20:57:44.892618
2014-07-08,2015-07-07,AVB,REG,0.12215397232786426,2025-12-09 20:57:44.892618
2014-07-08,2015-07-07,PSA,SPG,0.13015045967662464,2025-12-09 20:57:44.892618
2014-07-08,2015-07-07,EQR,ESS,0.13100878575292946,2025-12-09 20:57:44.892618
2014-07-08,2015-07-07,ELS,ESS,0.1865345182919435,2025-12-09 20:57:44.892618
2014-07-08,2015-07-07,KIM,VTR,0.1953844036390267,2025-12-09 20:57:44.892618
2014-07-08,2015-07-07,AVB,ESS,0.2067734902722984,2025-12-09 20:57:44.892618
2014-07-08,2015-07-07,KIM,SPG,0.23049472182838235,2025-12-09 20:57:44.892618
2015-01-06,2016-01-05,KIM,O,0.09136651042497167,2025-12-09 20:57:45.060188
2015-01-06,2016-01-05,KIM,REG,0.10261485915676342,2025-12-09 20:57:45.060188
2015-01-06,2016-01-05,O,REG,0.11394677367664797,2025-12-09 20:57:45.060188
2015-01-06,2016-01-05,AVB,EQR,0.11509380409641241,2025-12-09 20:57:45.060188
2015-01-06,2016-01-05,OHI,WELL,0.11974770464412247,2025-12-09 20:57:45.060188
2015-01-06,2016-01-05,REG,SPG,0.15391272100204023,2025-12-09 20:57:45.060188
2015-01-06,2016-01-05,KIM,SPG,0.17324558248151128,2025-12-09 20:57:45.060188
2015-01-06,2016-01-05,ESS,SUI,0.20333021463537565,2025-12-09 20:57:45.060188
2015-01-06,2016-01-05,ELS,MAA,0.20827604676897737,2025-12-09 20:57:45.060188
2015-01-06,2016-01-05,O,PLD,0.23685891911336576,2025-12-09 20:57:45.060188
2015-07-08,2016-07-06,AMT,WPC,0.15653201591011923,2025-12-09 20:57:45.241817
2015-07-08,2016-07-06,KIM,REG,0.17447326706458693,2025-12-09 20:57:45.241817
2015-07-08,2016-07-06,AVB,EQR,0.21213209388179238,2025-12-09 20:57:45.241817
2015-07-08,2016-07-06,AMT,LAMR,0.2820669647606246,2025-12-09 20:57:45.241817
2015-07-08,2016-07-06,AVB,SUI,0.38836740788441376,2025-12-09 20:57:45.241817
2015-07-08,2016-07-06,LAMR,WPC,0.39104412211984124,2025-12-09 20:57:45.241817
2015-07-08,2016-07-06,EXR,PSA,0.40283352142127954,2025-12-09 20:57:45.241817
2015-07-08,2016-07-06,SUI,WPC,0.48082237340871703,2025-12-09 20:57:45.241817
2015-07-08,2016-07-06,ELS,MAA,0.5077249596217264,2025-12-09 20:57:45.241817
2015-07-08,2016-07-06,EXR,MAA,0.5184240261298594,2025-12-09 20:57:45.241817
2016-01-06,2017-01-04,KIM,REG,0.11403578237095874,2025-12-09 20:57:45.423434
2016-01-06,2017-01-04,CCI,WPC,0.25634553138562405,2025-12-09 20:57:45.423434
2016-01-06,2017-01-04,AVB,EQR,0.30614821207618564,2025-12-09 20:57:45.423434
2016-01-06,2017-01-04,EQR,ESS,0.3308366282428029,2025-12-09 20:57:45.423434
2016-01-06,2017-01-04,AVB,ESS,0.3819442364891842,2025-12-09 20:57:45.423434
2016-01-06,2017-01-04,EXR,PSA,0.4300537919101791,2025-12-09 20:57:45.423434
2016-01-06,2017-01-04,ELS,REG,0.4451912135995445,2025-12-09 20:57:45.423434
2016-01-06,2017-01-04,AMT,SUI,0.4776135376148991,2025-12-09 20:57:45.423434
2016-01-06,2017-01-04,ELS,NLY,0.488790941117061,2025-12-09 20:57:45.423434
2016-01-06,2017-01-04,SPG,WELL,0.4937808126006632,2025-12-09 20:57:45.423434
2016-07-07,2017-07-06,AMT,SBAC,0.1289565076186679,2025-12-09 20:57:45.597791
2016-07-07,2017-07-06,REG,SPG,0.2255542851463198,2025-12-09 20:57:45.597791
2016-07-07,2017-07-06,WELL,WPC,0.25442569893827,2025-12-09 20:57:45.597791
2016-07-07,2017-07-06,AVB,ESS,0.2723512854879119,2025-12-09 20:57:45.597791
2016-07-07,2017-07-06,NLY,SUI,0.3056506375867584,2025-12-09 20:57:45.597791
2016-07-07,2017-07-06,ELS,WELL,0.3146934149304562,2025-12-09 20:57:45.597791
2016-07-07,2017-07-06,EXR,PSA,0.31669923209882234,2025-12-09 20:57:45.597791
2016-07-07,2017-07-06,VTR,WPC,0.34737763658054105,2025-12-09 20:57:45.597791
2016-07-07,2017-07-06,EQIX,ESS,0.34843060996598474,2025-12-09 20:57:45.597791
2016-07-07,2017-07-06,AVB,EQIX,0.3700927357306838,2025-12-09 20:57:45.597791
2017-01-05,2018-01-04,VTR,WELL,0.07698760092011045,2025-12-09 20:57:45.781828
2017-01-05,2018-01-04,ELS,SUI,0.21350773297682352,2025-12-09 20:57:45.781828
2017-01-05,2018-01-04,AVB,WELL,0.2453267855212201,2025-12-09 20:57:45.781828
2017-01-05,2018-01-04,AVB,VTR,0.26093556061262485,2025-12-09 20:57:45.781828
2017-01-05,2018-01-04,CCI,ELS,0.27728846549553654,2025-12-09 20:57:45.781828
2017-01-05,2018-01-04,DLR,ESS,0.3246566978537603,2025-12-09 20:57:45.781828
2017-01-05,2018-01-04,CCI,EQIX,0.3378565264580447,2025-12-09 20:57:45.781828
2017-01-05,2018-01-04,ELS,EQIX,0.3434224127739093,2025-12-09 20:57:45.781828
2017-01-05,2018-01-04,O,PSA,0.3861853127400757,2025-12-09 20:57:45.781828
2017-01-05,2018-01-04,DLR,WPC,0.394154006703502,2025-12-09 20:57:45.781828
2010-01-04,2010-12-31,KIM,REG,0.2962319739762653,2025-12-09 20:57:46.031987
2010-01-04,2010-12-31,AVB,ESS,0.3433000478884187,2025-12-09 20:57:46.031987
2010-01-04,2010-12-31,ELS,WPC,0.3480958447248978,2025-12-09 20:57:46.031987
2010-01-04,2010-12-31,AVB,EXR,0.4140586614676631,2025-12-09 20:57:46.031987
2010-01-04,2010-12-31,CCI,SBAC,0.4291754998596766,2025-12-09 20:57:46.031987
2010-01-04,2010-12-31,AMT,NLY,0.431311404194518,2025-12-09 20:57:46.031987
2010-01-04,2010-12-31,ELS,WELL,0.44601861834056944,2025-12-09 20:57:46.031987
2010-01-04,2010-12-31,ESS,EXR,0.454987525983223,2025-12-09 20:57:46.031987
2010-01-04,2010-12-31,SBAC,WELL,0.4864394938279736,2025-12-09 20:57:46.031987
2010-01-04,2010-12-31,REG,SPG,0.4893158864022069,2025-12-09 20:57:46.031987
2010-01-04,2010-12-31,EVRG,SO,0.07515167574326516,2025-12-09 23:26:40.720868
2010-01-04,2010-12-31,SO,WEC,0.10321238785744549,2025-12-09 23:26:40.720868
2010-01-04,2010-12-31,AEP,DUK,0.1063247035479507,2025-12-09 23:26:40.720868
2010-01-04,2010-12-31,AWK,KO,0.1113982495053466,2025-12-09 23:26:40.720868
2010-01-04,2010-12-31,DUK,ED,0.1335013795153287,2025-12-09 23:26:40.720868
2010-01-04,2010-12-31,NI,PNW,0.13572025266955068,2025-12-09 23:26:40.720868
2010-01-04,2010-12-31,CLX,CPB,0.13994519956454612,2025-12-09 23:26:40.720868
2010-01-04,2010-12-31,PNW,XEL,0.14358031821177086,2025-12-09 23:26:40.720868
2010-01-04,2010-12-31,EVRG,WEC,0.14638281614675716,2025-12-09 23:26:40.720868
2010-01-04,2010-12-31,ED,XEL,0.1526560624755072,2025-12-09 23:26:40.720868
2010-07-06,2011-07-01,ED,PNW,0.043073556887642424,2025-12-09 23:26:41.761039
2010-07-06,2011-07-01,SO,WEC,0.05120127218913725,2025-12-09 23:26:41.761039
2010-07-06,2011-07-01,ED,SO,0.061030297597276406,2025-12-09 23:26:41.761039
2010-07-06,2011-07-01,DUK,XEL,0.06725512746249895,2025-12-09 23:26:41.761039
2010-07-06,2011-07-01,ED,WEC,0.06744379545991236,2025-12-09 23:26:41.761039
2010-07-06,2011-07-01,PNW,WEC,0.08927807700732163,2025-12-09 23:26:41.761039
2010-07-06,2011-07-01,PNW,SO,0.09819977097844618,2025-12-09 23:26:41.761039
2010-07-06,2011-07-01,EVRG,LNT,0.11350878805947656,2025-12-09 23:26:41.761039
2010-07-06,2011-07-01,SO,XEL,0.1479871894145732,2025-12-09 23:26:41.761039
2010-07-06,2011-07-01,NEE,SRE,0.1593100244255093,2025-12-09 23:26:41.761039
2011-01-03,2011-12-30,CMS,WEC,0.06608552603644646,2025-12-09 23:26:42.731180
2011-01-03,2011-12-30,PNW,WEC,0.06921341403660203,2025-12-09 23:26:42.731180
2011-01-03,2011-12-30,CMS,PNW,0.08414954108777956,2025-12-09 23:26:42.731180
2011-01-03,2011-12-30,DUK,SO,0.0987342793405756,2025-12-09 23:26:42.731180
2011-01-03,2011-12-30,EVRG,XEL,0.10511303183223558,2025-12-09 23:26:42.731180
2011-01-03,2011-12-30,ES,NEE,0.10926792073072507,2025-12-09 23:26:42.731180
2011-01-03,2011-12-30,LNT,PNW,0.11244565681881752,2025-12-09 23:26:42.731180
2011-01-03,2011-12-30,WEC,XEL,0.12650023257806903,2025-12-09 23:26:42.731180
2011-01-03,2011-12-30,CMS,XEL,0.12695979472288102,2025-12-09 23:26:42.731180
2011-01-03,2011-12-30,CMS,EVRG,0.1361334787242191,2025-12-09 23:26:42.731180
2011-07-05,2012-07-02,CMS,WEC,0.0830123181300261,2025-12-09 23:26:43.723007
2011-07-05,2012-07-02,ED,SO,0.09539544876317396,2025-12-09 23:26:43.723007
2011-07-05,2012-07-02,VTR,WELL,0.09968865920887651,2025-12-09 23:26:43.723007
2011-07-05,2012-07-02,DTE,PNW,0.10016487430002866,2025-12-09 23:26:43.723007
2011-07-05,2012-07-02,EVRG,LNT,0.10503456233863584,2025-12-09 23:26:43.723007
2011-07-05,2012-07-02,DTE,EIX,0.11419058593500152,2025-12-09 23:26:43.723007
2011-07-05,2012-07-02,AEE,SO,0.11986266361532177,2025-12-09 23:26:43.723007
2011-07-05,2012-07-02,MKC,NEE,0.12370572909384658,2025-12-09 23:26:43.723007
2011-07-05,2012-07-02,CMS,XEL,0.13075838796551023,2025-12-09 23:26:43.723007
2011-07-05,2012-07-02,DUK,SO,0.13213282281552097,2025-12-09 23:26:43.723007
2012-01-03,2013-01-03,AVB,ESS,0.032915812070538814,2025-12-09 23:26:44.701087
2012-01-03,2013-01-03,AVB,MAA,0.04769273963177226,2025-12-09 23:26:44.701087
2012-01-03,2013-01-03,ESS,MAA,0.0517311179312599,2025-12-09 23:26:44.701087
2012-01-03,2013-01-03,AEE,ED,0.07063563387532895,2025-12-09 23:26:44.701087
2012-01-03,2013-01-03,D,XEL,0.07080081591353807,2025-12-09 23:26:44.701087
2012-01-03,2013-01-03,D,PEG,0.07789813051412053,2025-12-09 23:26:44.701087
2012-01-03,2013-01-03,DUK,XEL,0.08158052415998529,2025-12-09 23:26:44.701087
2012-01-03,2013-01-03,CMS,DTE,0.10393620848093,2025-12-09 23:26:44.701087
2012-01-03,2013-01-03,SO,XEL,0.10535989605195245,2025-12-09 23:26:44.701087
2012-01-03,2013-01-03,EVRG,LNT,0.1117520399711264,2025-12-09 23:26:44.701087
2012-07-03,2013-07-05,D,EVRG,0.03738502406486493,2025-12-09 23:26:45.729881
2012-07-03,2013-07-05,PEG,XEL,0.07959894743436023,2025-12-09 23:26:45.729881
2012-07-03,2013-07-05,WEC,XEL,0.10735082983467326,2025-12-09 23:26:45.729881
2012-07-03,2013-07-05,ES,LNT,0.10879108519591023,2025-12-09 23:26:45.729881
2012-07-03,2013-07-05,DUK,WEC,0.11951361646265427,2025-12-09 23:26:45.729881
2012-07-03,2013-07-05,AEE,XEL,0.12714805498132137,2025-12-09 23:26:45.729881
2012-07-03,2013-07-05,AEE,PEG,0.12922027479031833,2025-12-09 23:26:45.729881
2012-07-03,2013-07-05,CMS,DTE,0.1322019115046026,2025-12-09 23:26:45.729881
2012-07-03,2013-07-05,KO,XEL,0.13364992223826655,2025-12-09 23:26:45.729881
2012-07-03,2013-07-05,KO,MO,0.13374190405646186,2025-12-09 23:26:45.729881
2013-01-04,2014-01-03,DTE,WEC,0.05098644724623522,2025-12-09 23:26:46.713546
2013-01-04,2014-01-03,CMS,EVRG,0.06027848032882215,2025-12-09 23:26:46.713546
2013-01-04,2014-01-03,CMS,DTE,0.06898684976996956,2025-12-09 23:26:46.713546
2013-01-04,2014-01-03,DTE,EVRG,0.10529137861142134,2025-12-09 23:26:46.713546
2013-01-04,2014-01-03,EVRG,WEC,0.10715030270221562,2025-12-09 23:26:46.713546
2013-01-04,2014-01-03,AEE,LNT,0.11024269418537948,2025-12-09 23:26:46.713546
2013-01-04,2014-01-03,CMS,WEC,0.11273597914411168,2025-12-09 23:26:46.713546
2013-01-04,2014-01-03,ED,EIX,0.11496600253572004,2025-12-09 23:26:46.713546
2013-01-04,2014-01-03,ES,PNW,0.11581797368919887,2025-12-09 23:26:46.713546
2013-01-04,2014-01-03,ES,XEL,0.1185827943599222,2025-12-09 23:26:46.713546
2013-07-08,2014-07-07,CMS,XEL,0.039886223761128645,2025-12-09 23:26:47.813729
2013-07-08,2014-07-07,DTE,LNT,0.060709883238226695,2025-12-09 23:26:47.813729
2013-07-08,2014-07-07,AWK,LNT,0.07062878697435412,2025-12-09 23:26:47.813729
2013-07-08,2014-07-07,DTE,WEC,0.07227649491615426,2025-12-09 23:26:47.813729
2013-07-08,2014-07-07,CMS,ES,0.07455899412279318,2025-12-09 23:26:47.813729
2013-07-08,2014-07-07,AWK,PPL,0.09168203684198287,2025-12-09 23:26:47.813729
2013-07-08,2014-07-07,ES,XEL,0.09414890674323048,2025-12-09 23:26:47.813729
2013-07-08,2014-07-07,DTE,PPL,0.09604128575851922,2025-12-09 23:26:47.813729
2013-07-08,2014-07-07,ED,PNW,0.09952073364864426,2025-12-09 23:26:47.813729
2013-07-08,2014-07-07,LNT,PPL,0.10250418828960321,2025-12-09 23:26:47.813729
2014-01-06,2015-01-05,AEP,CMS,0.056716934027741694,2025-12-09 23:26:49.101487
2014-01-06,2015-01-05,DUK,ED,0.06823339240053405,2025-12-09 23:26:49.101487
2014-01-06,2015-01-05,LNT,XEL,0.08013293139951329,2025-12-09 23:26:49.101487
2014-01-06,2015-01-05,AEP,LNT,0.08395239035686249,2025-12-09 23:26:49.101487
2014-01-06,2015-01-05,CMS,XEL,0.08455529034811335,2025-12-09 23:26:49.101487
2014-01-06,2015-01-05,GIS,K,0.08636740472494389,2025-12-09 23:26:49.101487
2014-01-06,2015-01-05,CMS,LNT,0.08710275283279284,2025-12-09 23:26:49.101487
2014-01-06,2015-01-05,CMS,PCG,0.10043408179646222,2025-12-09 23:26:49.101487
2014-01-06,2015-01-05,ELS,REG,0.10889355068015959,2025-12-09 23:26:49.101487
2014-01-06,2015-01-05,KIM,LNT,0.1096361592943032,2025-12-09 23:26:49.101487
2014-07-08,2015-07-07,ES,WEC,0.04984861329658853,2025-12-09 23:26:50.378381
2014-07-08,2015-07-07,AEP,LNT,0.05321764338941462,2025-12-09 23:26:50.378381
2014-07-08,2015-07-07,ATO,NEE,0.06586426896549143,2025-12-09 23:26:50.378381
2014-07-08,2015-07-07,AEE,LNT,0.09068304248085693,2025-12-09 23:26:50.378381
2014-07-08,2015-07-07,AEE,AEP,0.09353495881570112,2025-12-09 23:26:50.378381
2014-07-08,2015-07-07,ES,XEL,0.09669176759522424,2025-12-09 23:26:50.378381
2014-07-08,2015-07-07,EQR,REG,0.09728737207088271,2025-12-09 23:26:50.378381
2014-07-08,2015-07-07,AVB,EQR,0.100811926931711,2025-12-09 23:26:50.378381
2014-07-08,2015-07-07,KIM,O,0.11069026570316963,2025-12-09 23:26:50.378381
2014-07-08,2015-07-07,EIX,ES,0.11577363612217376,2025-12-09 23:26:50.378381
2015-01-06,2016-01-05,AEP,DTE,0.04892368611413678,2025-12-09 23:26:51.711803
2015-01-06,2016-01-05,DTE,ES,0.04961983565640681,2025-12-09 23:26:51.711803
2015-01-06,2016-01-05,AEP,ES,0.07397272264554383,2025-12-09 23:26:51.711803
2015-01-06,2016-01-05,DTE,PNW,0.0905898644576017,2025-12-09 23:26:51.711803
2015-01-06,2016-01-05,KIM,O,0.091365970830156,2025-12-09 23:26:51.711803
2015-01-06,2016-01-05,ES,PNW,0.0984149582011797,2025-12-09 23:26:51.711803
2015-01-06,2016-01-05,CMS,SPG,0.0999383716029241,2025-12-09 23:26:51.711803
2015-01-06,2016-01-05,KIM,REG,0.10261534661800613,2025-12-09 23:26:51.711803
2015-01-06,2016-01-05,AEE,ES,0.10451355366151731,2025-12-09 23:26:51.711803
2015-01-06,2016-01-05,PNW,SO,0.1060027456496618,2025-12-09 23:26:51.711803
2015-07-08,2016-07-06,CMS,XEL,0.04264473593475507,2025-12-09 23:26:53.004718
2015-07-08,2016-07-06,PNW,XEL,0.06945042183990868,2025-12-09 23:26:53.004718
2015-07-08,2016-07-06,DTE,PCG,0.07293325549585192,2025-12-09 23:26:53.004718
2015-07-08,2016-07-06,CMS,PNW,0.07964453123117586,2025-12-09 23:26:53.004718
2015-07-08,2016-07-06,AEP,SO,0.10570749648173931,2025-12-09 23:26:53.004718
2015-07-08,2016-07-06,AEP,NEE,0.12528958916404026,2025-12-09 23:26:53.004718
2015-07-08,2016-07-06,AEP,DTE,0.1272913473257573,2025-12-09 23:26:53.004718
2015-07-08,2016-07-06,AEP,PCG,0.1301456837072439,2025-12-09 23:26:53.004718
2015-07-08,2016-07-06,ED,PNW,0.13523821741816755,2025-12-09 23:26:53.004718
2015-07-08,2016-07-06,ED,XEL,0.14004853923101285,2025-12-09 23:26:53.004718
2016-01-06,2017-01-04,ATO,CMS,0.045936673371096054,2025-12-09 23:26:54.229160
2016-01-06,2017-01-04,ED,WEC,0.07340897614964251,2025-12-09 23:26:54.229160
2016-01-06,2017-01-04,CMS,WEC,0.07345201228654294,2025-12-09 23:26:54.229160
2016-01-06,2017-01-04,DTE,PNW,0.09901505692954066,2025-12-09 23:26:54.229160
2016-01-06,2017-01-04,AEP,DUK,0.10247549273829233,2025-12-09 23:26:54.229160
2016-01-06,2017-01-04,DUK,XEL,0.10307538265406094,2025-12-09 23:26:54.229160
2016-01-06,2017-01-04,KIM,REG,0.1140347511680225,2025-12-09 23:26:54.229160
2016-01-06,2017-01-04,SRE,XEL,0.11590588751379936,2025-12-09 23:26:54.229160
2016-01-06,2017-01-04,CL,PM,0.13253826949043204,2025-12-09 23:26:54.229160
2016-01-06,2017-01-04,CMS,ED,0.13310343274966044,2025-12-09 23:26:54.229160
2016-07-07,2017-07-06,ATO,CMS,0.022033475357718504,2025-12-09 23:26:55.617649
2016-07-07,2017-07-06,CMS,XEL,0.03204722078797236,2025-12-09 23:26:55.617649
2016-07-07,2017-07-06,CMS,ED,0.033297003329660894,2025-12-09 23:26:55.617649
2016-07-07,2017-07-06,CMS,ES,0.03438893922370575,2025-12-09 23:26:55.617649
2016-07-07,2017-07-06,ES,XEL,0.04359346775155741,2025-12-09 23:26:55.617649
2016-07-07,2017-07-06,DUK,ED,0.04399800947970558,2025-12-09 23:26:55.617649
2016-07-07,2017-07-06,ATO,ES,0.04663501771918649,2025-12-09 23:26:55.617649
2016-07-07,2017-07-06,EIX,PCG,0.050109064681397336,2025-12-09 23:26:55.617649
2016-07-07,2017-07-06,ATO,XEL,0.05135358752033337,2025-12-09 23:26:55.617649
2016-07-07,2017-07-06,DUK,SRE,0.0616291248587645,2025-12-09 23:26:55.617649
2017-01-05,2018-01-04,CMS,ES,0.04095512855447338,2025-12-09 23:26:57.138266
2017-01-05,2018-01-04,DUK,PNW,0.045750154183020794,2025-12-09 23:26:57.138266
2017-01-05,2018-01-04,DUK,ES,0.04973281926586545,2025-12-09 23:26:57.138266
2017-01-05,2018-01-04,AEP,ED,0.05028962059109485,2025-12-09 23:26:57.138266
2017-01-05,2018-01-04,CMS,ED,0.051067116831591465,2025-12-09 23:26:57.138266
2017-01-05,2018-01-04,LNT,WEC,0.0546817558000684,2025-12-09 23:26:57.138266
2017-01-05,2018-01-04,DTE,LNT,0.055641079091453494,2025-12-09 23:26:57.138266
2017-01-05,2018-01-04,AEE,LNT,0.05655213159398931,2025-12-09 23:26:57.138266
2017-01-05,2018-01-04,ES,PNW,0.05892512806749792,2025-12-09 23:26:57.138266
2017-01-05,2018-01-04,DTE,DUK,0.06481169042426511,2025-12-09 23:26:57.138266
2010-01-04,2010-12-31,EVRG,SO,0.07515167574326516,2025-12-09 23:26:58.279987
2010-01-04,2010-12-31,SO,WEC,0.10321238785744549,2025-12-09 23:26:58.279987
2010-01-04,2010-12-31,AEP,DUK,0.1063247035479507,2025-12-09 23:26:58.279987
2010-01-04,2010-12-31,AWK,KO,0.1113982495053466,2025-12-09 23:26:58.279987
2010-01-04,2010-12-31,DUK,ED,0.1335013795153287,2025-12-09 23:26:58.279987
2010-01-04,2010-12-31,NI,PNW,0.13572025266955068,2025-12-09 23:26:58.279987
2010-01-04,2010-12-31,CLX,CPB,0.13994519956454612,2025-12-09 23:26:58.279987
2010-01-04,2010-12-31,PNW,XEL,0.14358031821177086,2025-12-09 23:26:58.279987
2010-01-04,2010-12-31,EVRG,WEC,0.14638281614675716,2025-12-09 23:26:58.279987
2010-01-04,2010-12-31,ED,XEL,0.1526560624755072,2025-12-09 23:26:58.279987
2010-01-04,2010-12-31,KIM,REG,0.296233055834756,2025-12-09 23:32:39.170333
2010-01-04,2010-12-31,AVB,ESS,0.3432970091133943,2025-12-09 23:32:39.170333
2010-01-04,2010-12-31,ELS,WPC,0.34810005924625337,2025-12-09 23:32:39.170333
2010-01-04,2010-12-31,AVB,EXR,0.4140577596495839,2025-12-09 23:32:39.170333
2010-01-04,2010-12-31,CCI,SBAC,0.42917517805663896,2025-12-09 23:32:39.170333
2010-01-04,2010-12-31,AMT,NLY,0.4313130367328016,2025-12-09 23:32:39.170333
2010-01-04,2010-12-31,ELS,WELL,0.44601812460849966,2025-12-09 23:32:39.170333
2010-01-04,2010-12-31,ESS,EXR,0.454986222419934,2025-12-09 23:32:39.170333
2010-01-04,2010-12-31,SBAC,WELL,0.48644140064373365,2025-12-09 23:32:39.170333
2010-01-04,2010-12-31,REG,SPG,0.4893156480863893,2025-12-09 23:32:39.170333
2010-07-06,2011-07-01,AVB,ESS,0.22894152803375162,2025-12-09 23:32:39.348163
2010-07-06,2011-07-01,O,VTR,0.2523871604289256,2025-12-09 23:32:39.348163
2010-07-06,2011-07-01,EQR,SPG,0.3134973843456837,2025-12-09 23:32:39.348163
2010-07-06,2011-07-01,AVB,EQR,0.4092291924367852,2025-12-09 23:32:39.348163
2010-07-06,2011-07-01,PSA,WELL,0.42820527798500946,2025-12-09 23:32:39.348163
2010-07-06,2011-07-01,AMT,CCI,0.43346427210030875,2025-12-09 23:32:39.348163
2010-07-06,2011-07-01,ELS,WELL,0.4985114100022011,2025-12-09 23:32:39.348163
2010-07-06,2011-07-01,OHI,VTR,0.5544064808393004,2025-12-09 23:32:39.348163
2010-07-06,2011-07-01,AVB,MAA,0.5969223156517108,2025-12-09 23:32:39.348163
2010-07-06,2011-07-01,MAA,PSA,0.6020371314397912,2025-12-09 23:32:39.348163
2011-01-03,2011-12-30,KIM,REG,0.1421857595351217,2025-12-09 23:32:39.525571
2011-01-03,2011-12-30,O,VTR,0.14582276716557005,2025-12-09 23:32:39.525571
2011-01-03,2011-12-30,PSA,SPG,0.18017232111242934,2025-12-09 23:32:39.525571
2011-01-03,2011-12-30,AVB,EQR,0.2029019092392104,2025-12-09 23:32:39.525571
2011-01-03,2011-12-30,AVB,ESS,0.27623296999989,2025-12-09 23:32:39.525571
2011-01-03,2011-12-30,AVB,SUI,0.32789050023277555,2025-12-09 23:32:39.525571
2011-01-03,2011-12-30,MAA,NLY,0.41434949901159945,2025-12-09 23:32:39.525571
2011-01-03,2011-12-30,DLR,SPG,0.42687427548664086,2025-12-09 23:32:39.525571
2011-01-03,2011-12-30,DLR,EXR,0.42946981267753315,2025-12-09 23:32:39.525571
2011-01-03,2011-12-30,ESS,SUI,0.43592542316873806,2025-12-09 23:32:39.525571
2011-07-05,2012-07-02,VTR,WELL,0.09968865920887651,2025-12-09 23:32:39.729167
2011-07-05,2012-07-02,EQR,MAA,0.19901060449227462,2025-12-09 23:32:39.729167
2011-07-05,2012-07-02,KIM,REG,0.269675711037998,2025-12-09 23:32:39.729167
2011-07-05,2012-07-02,O,SUI,0.3387615112543203,2025-12-09 23:32:39.729167
2011-07-05,2012-07-02,EXR,SBAC,0.3410825028097716,2025-12-09 23:32:39.729167
2011-07-05,2012-07-02,ESS,VTR,0.37044076094026135,2025-12-09 23:32:39.729167
2011-07-05,2012-07-02,EQR,NLY,0.3797948143797581,2025-12-09 23:32:39.729167
2011-07-05,2012-07-02,PLD,WY,0.3863401133115232,2025-12-09 23:32:39.729167
2011-07-05,2012-07-02,DLR,WPC,0.39546416294391895,2025-12-09 23:32:39.729167
2011-07-05,2012-07-02,AVB,ESS,0.3961400789012288,2025-12-09 23:32:39.729167
2012-01-03,2013-01-03,AVB,ESS,0.032915812070538814,2025-12-09 23:32:39.941918
2012-01-03,2013-01-03,AVB,MAA,0.04769273963177226,2025-12-09 23:32:39.941918
2012-01-03,2013-01-03,ESS,MAA,0.0517311179312599,2025-12-09 23:32:39.941918
2012-01-03,2013-01-03,AVB,EQR,0.16385859258054705,2025-12-09 23:32:39.941918
2012-01-03,2013-01-03,EQR,MAA,0.1810105104179145,2025-12-09 23:32:39.941918
2012-01-03,2013-01-03,EQR,ESS,0.2079490483287339,2025-12-09 23:32:39.941918
2012-01-03,2013-01-03,O,SPG,0.2121069304191707,2025-12-09 23:32:39.941918
2012-01-03,2013-01-03,PSA,WELL,0.3442652688263126,2025-12-09 23:32:39.941918
2012-01-03,2013-01-03,KIM,O,0.4022691224287338,2025-12-09 23:32:39.941918
2012-01-03,2013-01-03,CCI,SBAC,0.40656638642591336,2025-12-09 23:32:39.941918
2012-07-03,2013-07-05,ESS,MAA,0.146980058339302,2025-12-09 23:32:40.172231
2012-07-03,2013-07-05,PSA,SPG,0.1654625813291171,2025-12-09 23:32:40.172231
2012-07-03,2013-07-05,VTR,WELL,0.18809274473816323,2025-12-09 23:32:40.172231
2012-07-03,2013-07-05,AVB,EQR,0.25199050164114456,2025-12-09 23:32:40.172231
2012-07-03,2013-07-05,REG,VTR,0.37065910948725,2025-12-09 23:32:40.172231
2012-07-03,2013-07-05,O,REG,0.37174374564327195,2025-12-09 23:32:40.172231
2012-07-03,2013-07-05,ELS,PSA,0.3749214112631695,2025-12-09 23:32:40.172231
2012-07-03,2013-07-05,ELS,SUI,0.41048670143084987,2025-12-09 23:32:40.172231
2012-07-03,2013-07-05,KIM,WELL,0.41905303355830414,2025-12-09 23:32:40.172231
2012-07-03,2013-07-05,O,VTR,0.4545794249528399,2025-12-09 23:32:40.172231
2013-01-04,2014-01-03,AVB,EQR,0.1760728897697686,2025-12-09 23:32:40.397526
2013-01-04,2014-01-03,KIM,REG,0.19079104016720905,2025-12-09 23:32:40.397526
2013-01-04,2014-01-03,ELS,KIM,0.21606978838948995,2025-12-09 23:32:40.397526
2013-01-04,2014-01-03,MAA,SPG,0.2442647625586476,2025-12-09 23:32:40.397526
2013-01-04,2014-01-03,O,VTR,0.2961616370811619,2025-12-09 23:32:40.397526
2013-01-04,2014-01-03,VTR,WELL,0.312167453338187,2025-12-09 23:32:40.397526
2013-01-04,2014-01-03,AMT,CCI,0.31504632407968836,2025-12-09 23:32:40.397526
2013-01-04,2014-01-03,O,WELL,0.3197587124641085,2025-12-09 23:32:40.397526
2013-01-04,2014-01-03,AMT,WY,0.3404271750933829,2025-12-09 23:32:40.397526
2013-01-04,2014-01-03,MAA,PLD,0.36797350291017455,2025-12-09 23:32:40.397526
2013-07-08,2014-07-07,MAA,SPG,0.10311295449890726,2025-12-09 23:32:40.611279
2013-07-08,2014-07-07,KIM,REG,0.1187644473825755,2025-12-09 23:32:40.611279
2013-07-08,2014-07-07,ESS,MAA,0.11913156762349586,2025-12-09 23:32:40.611279
2013-07-08,2014-07-07,KIM,MAA,0.17705084576471317,2025-12-09 23:32:40.611279
2013-07-08,2014-07-07,ESS,SPG,0.18341774801291136,2025-12-09 23:32:40.611279
2013-07-08,2014-07-07,MAA,REG,0.18969089023155733,2025-12-09 23:32:40.611279
2013-07-08,2014-07-07,KIM,O,0.19400581560581887,2025-12-09 23:32:40.611279
2013-07-08,2014-07-07,KIM,SPG,0.19903368337548674,2025-12-09 23:32:40.611279
2013-07-08,2014-07-07,O,REG,0.22069006684185882,2025-12-09 23:32:40.611279
2013-07-08,2014-07-07,EQR,MAA,0.23401930254245928,2025-12-09 23:32:40.611279
2014-01-06,2015-01-05,ELS,REG,0.10889376127954557,2025-12-09 23:32:40.762145
2014-01-06,2015-01-05,ELS,EQR,0.11288726517875987,2025-12-09 23:32:40.762145
2014-01-06,2015-01-05,AVB,REG,0.13341983571215096,2025-12-09 23:32:40.762145
2014-01-06,2015-01-05,KIM,PSA,0.1388067903518158,2025-12-09 23:32:40.762145
2014-01-06,2015-01-05,AVB,EQR,0.1414610750059444,2025-12-09 23:32:40.762145
2014-01-06,2015-01-05,EQR,REG,0.15613854945073194,2025-12-09 23:32:40.762145
2014-01-06,2015-01-05,KIM,O,0.15936531748751429,2025-12-09 23:32:40.762145
2014-01-06,2015-01-05,KIM,SPG,0.200777286493649,2025-12-09 23:32:40.762145
2014-01-06,2015-01-05,AVB,ELS,0.22196412400719506,2025-12-09 23:32:40.762145
2014-01-06,2015-01-05,EQR,ESS,0.2498193152477108,2025-12-09 23:32:40.762145
2014-07-08,2015-07-07,EQR,REG,0.09728717695100603,2025-12-09 23:32:40.975273
2014-07-08,2015-07-07,AVB,EQR,0.10081208917844597,2025-12-09 23:32:40.975273
2014-07-08,2015-07-07,KIM,O,0.11069138218916788,2025-12-09 23:32:40.975273
2014-07-08,2015-07-07,AVB,REG,0.12215422860456544,2025-12-09 23:32:40.975273
2014-07-08,2015-07-07,PSA,SPG,0.13014963063570584,2025-12-09 23:32:40.975273
2014-07-08,2015-07-07,EQR,ESS,0.13100989483664072,2025-12-09 23:32:40.975273
2014-07-08,2015-07-07,ELS,ESS,0.18653356936209214,2025-12-09 23:32:40.975273
2014-07-08,2015-07-07,KIM,VTR,0.1953864304079652,2025-12-09 23:32:40.975273
2014-07-08,2015-07-07,AVB,ESS,0.2067735032224133,2025-12-09 23:32:40.975273
2014-07-08,2015-07-07,KIM,SPG,0.2304967803501626,2025-12-09 23:32:40.975273
2015-01-06,2016-01-05,KIM,O,0.09136532755014987,2025-12-09 23:32:41.158572
2015-01-06,2016-01-05,KIM,REG,0.10261504954338531,2025-12-09 23:32:41.158572
2015-01-06,2016-01-05,O,REG,0.1139458786399149,2025-12-09 23:32:41.158572
2015-01-06,2016-01-05,AVB,EQR,0.1150914194322089,2025-12-09 23:32:41.158572
2015-01-06,2016-01-05,OHI,WELL,0.11974728984831574,2025-12-09 23:32:41.158572
2015-01-06,2016-01-05,REG,SPG,0.15391228389520928,2025-12-09 23:32:41.158572
2015-01-06,2016-01-05,KIM,SPG,0.17324552344390728,2025-12-09 23:32:41.158572
2015-01-06,2016-01-05,ESS,SUI,0.20333039095286673,2025-12-09 23:32:41.158572
2015-01-06,2016-01-05,ELS,MAA,0.20827252618311415,2025-12-09 23:32:41.158572
2015-01-06,2016-01-05,O,PLD,0.23687103002946397,2025-12-09 23:32:41.158572
2015-07-08,2016-07-06,AMT,WPC,0.15653302914966605,2025-12-09 23:32:41.353263
2015-07-08,2016-07-06,KIM,REG,0.1744731371400239,2025-12-09 23:32:41.353263
2015-07-08,2016-07-06,AVB,EQR,0.21213169393573236,2025-12-09 23:32:41.353263
2015-07-08,2016-07-06,AMT,LAMR,0.2820687233108632,2025-12-09 23:32:41.353263
2015-07-08,2016-07-06,AVB,SUI,0.3883720335110238,2025-12-09 23:32:41.353263
2015-07-08,2016-07-06,LAMR,WPC,0.39104415534287973,2025-12-09 23:32:41.353263
2015-07-08,2016-07-06,EXR,PSA,0.40283207226332807,2025-12-09 23:32:41.353263
2015-07-08,2016-07-06,SUI,WPC,0.4808217431690657,2025-12-09 23:32:41.353263
2015-07-08,2016-07-06,ELS,MAA,0.5077230474415075,2025-12-09 23:32:41.353263
2015-07-08,2016-07-06,EXR,MAA,0.5184240250592448,2025-12-09 23:32:41.353263
2016-01-06,2017-01-04,KIM,REG,0.1140413082581411,2025-12-09 23:32:41.555193
2016-01-06,2017-01-04,CCI,WPC,0.25634563030427865,2025-12-09 23:32:41.555193
2016-01-06,2017-01-04,AVB,EQR,0.3061492563150319,2025-12-09 23:32:41.555193
2016-01-06,2017-01-04,EQR,ESS,0.3308373443753422,2025-12-09 23:32:41.555193
2016-01-06,2017-01-04,AVB,ESS,0.3819499957267505,2025-12-09 23:32:41.555193
2016-01-06,2017-01-04,EXR,PSA,0.43005545051636074,2025-12-09 23:32:41.555193
2016-01-06,2017-01-04,ELS,REG,0.44519067262996154,2025-12-09 23:32:41.555193
2016-01-06,2017-01-04,AMT,SUI,0.47761218630940283,2025-12-09 23:32:41.555193
2016-01-06,2017-01-04,ELS,NLY,0.488789739518639,2025-12-09 23:32:41.555193
2016-01-06,2017-01-04,SPG,WELL,0.4937797752434014,2025-12-09 23:32:41.555193
2016-07-07,2017-07-06,AMT,SBAC,0.12895609122480847,2025-12-09 23:32:41.729714
2016-07-07,2017-07-06,REG,SPG,0.2255568503669422,2025-12-09 23:32:41.729714
2016-07-07,2017-07-06,WELL,WPC,0.2544280763449201,2025-12-09 23:32:41.729714
2016-07-07,2017-07-06,AVB,ESS,0.2723500062078938,2025-12-09 23:32:41.729714
2016-07-07,2017-07-06,NLY,SUI,0.30565034195087143,2025-12-09 23:32:41.729714
2016-07-07,2017-07-06,ELS,WELL,0.31469391035680894,2025-12-09 23:32:41.729714
2016-07-07,2017-07-06,EXR,PSA,0.3166984747732682,2025-12-09 23:32:41.729714
2016-07-07,2017-07-06,VTR,WPC,0.3473751247525382,2025-12-09 23:32:41.729714
2016-07-07,2017-07-06,EQIX,ESS,0.3484330897800108,2025-12-09 23:32:41.729714
2016-07-07,2017-07-06,AVB,EQIX,0.3700925841779219,2025-12-09 23:32:41.729714
2017-01-05,2018-01-04,VTR,WELL,0.07698800838580919,2025-12-09 23:32:41.910400
2017-01-05,2018-01-04,ELS,SUI,0.21350679989902138,2025-12-09 23:32:41.910400
2017-01-05,2018-01-04,AVB,WELL,0.2453280176916167,2025-12-09 23:32:41.910400
2017-01-05,2018-01-04,AVB,VTR,0.260935953694277,2025-12-09 23:32:41.910400
2017-01-05,2018-01-04,CCI,ELS,0.2772890785873291,2025-12-09 23:32:41.910400
2017-01-05,2018-01-04,DLR,ESS,0.32465421107689435,2025-12-09 23:32:41.910400
2017-01-05,2018-01-04,CCI,EQIX,0.3378539451734529,2025-12-09 23:32:41.910400
2017-01-05,2018-01-04,ELS,EQIX,0.3434190387298545,2025-12-09 23:32:41.910400
2017-01-05,2018-01-04,O,PSA,0.3861927602903905,2025-12-09 23:32:41.910400
2017-01-05,2018-01-04,DLR,WPC,0.3941551050102774,2025-12-09 23:32:41.910400
2010-01-04,2010-12-31,KIM,REG,0.296233055834756,2025-12-09 23:33:43.886462
2010-01-04,2010-12-31,AVB,ESS,0.3432970091133943,2025-12-09 23:33:43.886462
2010-01-04,2010-12-31,ELS,WPC,0.34810005924625337,2025-12-09 23:33:43.886462
2010-01-04,2010-12-31,AVB,EXR,0.4140577596495839,2025-12-09 23:33:43.886462
2010-01-04,2010-12-31,CCI,SBAC,0.42917517805663896,2025-12-09 23:33:43.886462
2010-01-04,2010-12-31,AMT,NLY,0.4313130367328016,2025-12-09 23:33:43.886462
2010-01-04,2010-12-31,ELS,WELL,0.44601812460849966,2025-12-09 23:33:43.886462
2010-01-04,2010-12-31,ESS,EXR,0.454986222419934,2025-12-09 23:33:43.886462
2010-01-04,2010-12-31,SBAC,WELL,0.48644140064373365,2025-12-09 23:33:43.886462
2010-01-04,2010-12-31,REG,SPG,0.4893156480863893,2025-12-09 23:33:43.886462
2010-01-04,2010-12-31,EVRG,SO,0.07515052101996651,2025-12-09 23:36:23.038259
2010-01-04,2010-12-31,SO,WEC,0.10321180779710216,2025-12-09 23:36:23.038259
2010-01-04,2010-12-31,AEP,DUK,0.10632222022254027,2025-12-09 23:36:23.038259
2010-01-04,2010-12-31,DUK,ED,0.13350594731129695,2025-12-09 23:36:23.038259
2010-01-04,2010-12-31,NI,PNW,0.13572040880996425,2025-12-09 23:36:23.038259
2010-01-04,2010-12-31,PNW,XEL,0.14358031821177086,2025-12-09 23:36:23.038259
2010-01-04,2010-12-31,EVRG,WEC,0.14638366260832267,2025-12-09 23:36:23.038259
2010-01-04,2010-12-31,ED,XEL,0.1526560624755072,2025-12-09 23:36:23.038259
2010-01-04,2010-12-31,DUK,PCG,0.1573010919723058,2025-12-09 23:36:23.038259
2010-01-04,2010-12-31,ATO,EIX,0.16527821632059364,2025-12-09 23:36:23.038259
2010-07-06,2011-07-01,ED,PNW,0.043073556887642424,2025-12-09 23:36:23.209119
2010-07-06,2011-07-01,SO,WEC,0.051199979668433024,2025-12-09 23:36:23.209119
2010-07-06,2011-07-01,ED,SO,0.061029551103067826,2025-12-09 23:36:23.209119
2010-07-06,2011-07-01,DUK,XEL,0.06725315783476907,2025-12-09 23:36:23.209119
2010-07-06,2011-07-01,ED,WEC,0.06744370112521998,2025-12-09 23:36:23.209119
2010-07-06,2011-07-01,PNW,WEC,0.08927806980606641,2025-12-09 23:36:23.209119
2010-07-06,2011-07-01,PNW,SO,0.09819830619530423,2025-12-09 23:36:23.209119
2010-07-06,2011-07-01,EVRG,LNT,0.11350669375641638,2025-12-09 23:36:23.209119
2010-07-06,2011-07-01,SO,XEL,0.14799098936927388,2025-12-09 23:36:23.209119
2010-07-06,2011-07-01,NEE,SRE,0.1593100244255093,2025-12-09 23:36:23.209119
2011-01-03,2011-12-30,CMS,WEC,0.06608612892363445,2025-12-09 23:36:23.445319
2011-01-03,2011-12-30,PNW,WEC,0.06921443401760735,2025-12-09 23:36:23.445319
2011-01-03,2011-12-30,CMS,PNW,0.0841484354215543,2025-12-09 23:36:23.445319
2011-01-03,2011-12-30,DUK,SO,0.09873188289315284,2025-12-09 23:36:23.445319
2011-01-03,2011-12-30,EVRG,XEL,0.10511338143572538,2025-12-09 23:36:23.445319
2011-01-03,2011-12-30,ES,NEE,0.10926792073072507,2025-12-09 23:36:23.445319
2011-01-03,2011-12-30,LNT,PNW,0.11244417084419375,2025-12-09 23:36:23.445319
2011-01-03,2011-12-30,WEC,XEL,0.12649713033007948,2025-12-09 23:36:23.445319
2011-01-03,2011-12-30,CMS,XEL,0.12696418894084252,2025-12-09 23:36:23.445319
2011-01-03,2011-12-30,CMS,EVRG,0.13613543259189353,2025-12-09 23:36:23.445319
2011-07-05,2012-07-02,CMS,WEC,0.08301233131845764,2025-12-09 23:36:23.628767
2011-07-05,2012-07-02,ED,SO,0.0953950540907474,2025-12-09 23:36:23.628767
2011-07-05,2012-07-02,DTE,PNW,0.10016487430002866,2025-12-09 23:36:23.628767
2011-07-05,2012-07-02,EVRG,LNT,0.10503401694607983,2025-12-09 23:36:23.628767
2011-07-05,2012-07-02,DTE,EIX,0.11419058593500152,2025-12-09 23:36:23.628767
2011-07-05,2012-07-02,AEE,SO,0.11986224222053547,2025-12-09 23:36:23.628767
2011-07-05,2012-07-02,CMS,XEL,0.13075824045130643,2025-12-09 23:36:23.628767
2011-07-05,2012-07-02,DUK,SO,0.13213343722717377,2025-12-09 23:36:23.628767
2011-07-05,2012-07-02,DTE,XEL,0.13761606756555844,2025-12-09 23:36:23.628767
2011-07-05,2012-07-02,AEE,ED,0.14180204032704236,2025-12-09 23:36:23.628767
2012-01-03,2013-01-03,AEE,ED,0.07063563387532895,2025-12-09 23:36:23.896166
2012-01-03,2013-01-03,D,XEL,0.07080309869447285,2025-12-09 23:36:23.896166
2012-01-03,2013-01-03,D,PEG,0.07789643673352009,2025-12-09 23:36:23.896166
2012-01-03,2013-01-03,DUK,XEL,0.0815805424749263,2025-12-09 23:36:23.896166
2012-01-03,2013-01-03,CMS,DTE,0.10393562339350046,2025-12-09 23:36:23.896166
2012-01-03,2013-01-03,SO,XEL,0.10535646724440842,2025-12-09 23:36:23.896166
2012-01-03,2013-01-03,EVRG,LNT,0.11175222752311358,2025-12-09 23:36:23.896166
2012-01-03,2013-01-03,D,DUK,0.11753199992665445,2025-12-09 23:36:23.896166
2012-01-03,2013-01-03,AEE,PEG,0.11850224658204804,2025-12-09 23:36:23.896166
2012-01-03,2013-01-03,ED,PEG,0.11967742559194089,2025-12-09 23:36:23.896166
2012-07-03,2013-07-05,D,EVRG,0.037384742273604034,2025-12-09 23:36:24.113027
2012-07-03,2013-07-05,PEG,XEL,0.07959894743436023,2025-12-09 23:36:24.113027
2012-07-03,2013-07-05,WEC,XEL,0.1073505242334363,2025-12-09 23:36:24.113027
2012-07-03,2013-07-05,ES,LNT,0.10879066049189455,2025-12-09 23:36:24.113027
2012-07-03,2013-07-05,DUK,WEC,0.11951423279088014,2025-12-09 23:36:24.113027
2012-07-03,2013-07-05,AEE,XEL,0.12714805498132137,2025-12-09 23:36:24.113027
2012-07-03,2013-07-05,AEE,PEG,0.12922027479031833,2025-12-09 23:36:24.113027
2012-07-03,2013-07-05,CMS,DTE,0.1322090646945229,2025-12-09 23:36:24.113027
2012-07-03,2013-07-05,DUK,XEL,0.13701701983473694,2025-12-09 23:36:24.113027
2012-07-03,2013-07-05,PEG,WEC,0.13719915751215223,2025-12-09 23:36:24.113027
2013-01-04,2014-01-03,DTE,WEC,0.05098845049990645,2025-12-09 23:36:24.351907
2013-01-04,2014-01-03,CMS,EVRG,0.060278321935555955,2025-12-09 23:36:24.351907
2013-01-04,2014-01-03,CMS,DTE,0.06898367914842893,2025-12-09 23:36:24.351907
2013-01-04,2014-01-03,DTE,EVRG,0.10529242138157845,2025-12-09 23:36:24.351907
2013-01-04,2014-01-03,EVRG,WEC,0.10715680017117332,2025-12-09 23:36:24.351907
2013-01-04,2014-01-03,AEE,LNT,0.11024366617203334,2025-12-09 23:36:24.351907
2013-01-04,2014-01-03,CMS,WEC,0.11273581647382969,2025-12-09 23:36:24.351907
2013-01-04,2014-01-03,ED,EIX,0.11496600253572004,2025-12-09 23:36:24.351907
2013-01-04,2014-01-03,ES,PNW,0.11581797368919887,2025-12-09 23:36:24.351907
2013-01-04,2014-01-03,ES,XEL,0.1185827943599222,2025-12-09 23:36:24.351907
2013-07-08,2014-07-07,CMS,XEL,0.039885548689464985,2025-12-09 23:36:24.580851
2013-07-08,2014-07-07,DTE,LNT,0.06070995870316441,2025-12-09 23:36:24.580851
2013-07-08,2014-07-07,AWK,LNT,0.07062883819055372,2025-12-09 23:36:24.580851
2013-07-08,2014-07-07,DTE,WEC,0.07227622341389672,2025-12-09 23:36:24.580851
2013-07-08,2014-07-07,CMS,ES,0.07456033566418319,2025-12-09 23:36:24.580851
2013-07-08,2014-07-07,AWK,PPL,0.09168203684198287,2025-12-09 23:36:24.580851
2013-07-08,2014-07-07,ES,XEL,0.09414890674323048,2025-12-09 23:36:24.580851
2013-07-08,2014-07-07,DTE,PPL,0.09604128575851922,2025-12-09 23:36:24.580851
2013-07-08,2014-07-07,ED,PNW,0.09952073364864426,2025-12-09 23:36:24.580851
2013-07-08,2014-07-07,LNT,PPL,0.10250430198529681,2025-12-09 23:36:24.580851
2014-01-06,2015-01-05,AEP,CMS,0.056716790438699566,2025-12-09 23:36:24.823216
2014-01-06,2015-01-05,DUK,ED,0.06823488890935248,2025-12-09 23:36:24.823216
2014-01-06,2015-01-05,LNT,XEL,0.08013326333931377,2025-12-09 23:36:24.823216
2014-01-06,2015-01-05,AEP,LNT,0.08395199215783117,2025-12-09 23:36:24.823216
2014-01-06,2015-01-05,CMS,XEL,0.08455528256888087,2025-12-09 23:36:24.823216
2014-01-06,2015-01-05,CMS,LNT,0.08710240891391746,2025-12-09 23:36:24.823216
2014-01-06,2015-01-05,CMS,PCG,0.10043415931028113,2025-12-09 23:36:24.823216
2014-01-06,2015-01-05,ES,SO,0.11544454666737537,2025-12-09 23:36:24.823216
2014-01-06,2015-01-05,CMS,DTE,0.11657503340195596,2025-12-09 23:36:24.823216
2014-01-06,2015-01-05,AEP,XEL,0.11928960352983349,2025-12-09 23:36:24.823216
2014-07-08,2015-07-07,ES,WEC,0.04984994034127463,2025-12-09 23:36:25.044780
2014-07-08,2015-07-07,AEP,LNT,0.05321761132803084,2025-12-09 23:36:25.044780
2014-07-08,2015-07-07,ATO,NEE,0.06586423949946363,2025-12-09 23:36:25.044780
2014-07-08,2015-07-07,AEE,LNT,0.09068305861748671,2025-12-09 23:36:25.044780
2014-07-08,2015-07-07,AEE,AEP,0.09353495881570112,2025-12-09 23:36:25.044780
2014-07-08,2015-07-07,ES,XEL,0.09669176759522424,2025-12-09 23:36:25.044780
2014-07-08,2015-07-07,EIX,ES,0.11577363612217376,2025-12-09 23:36:25.044780
2014-07-08,2015-07-07,DUK,FE,0.12110997895939911,2025-12-09 23:36:25.044780
2014-07-08,2015-07-07,DUK,ED,0.12476073923438798,2025-12-09 23:36:25.044780
2014-07-08,2015-07-07,WEC,XEL,0.12487591662299244,2025-12-09 23:36:25.044780
2015-01-06,2016-01-05,AEP,DTE,0.04892368611413678,2025-12-09 23:36:25.303430
2015-01-06,2016-01-05,DTE,ES,0.04961983565640681,2025-12-09 23:36:25.303430
2015-01-06,2016-01-05,AEP,ES,0.07397272264554383,2025-12-09 23:36:25.303430
2015-01-06,2016-01-05,DTE,PNW,0.0905898644576017,2025-12-09 23:36:25.303430
2015-01-06,2016-01-05,ES,PNW,0.0984149582011797,2025-12-09 23:36:25.303430
2015-01-06,2016-01-05,AEE,ES,0.10451355366151731,2025-12-09 23:36:25.303430
2015-01-06,2016-01-05,PNW,SO,0.1060036257434584,2025-12-09 23:36:25.303430
2015-01-06,2016-01-05,ES,WEC,0.10914582389939201,2025-12-09 23:36:25.303430
2015-01-06,2016-01-05,DTE,EIX,0.12148966022309536,2025-12-09 23:36:25.303430
2015-01-06,2016-01-05,PCG,XEL,0.1265404092529327,2025-12-09 23:36:25.303430
2015-07-08,2016-07-06,CMS,XEL,0.042645391820050185,2025-12-09 23:36:25.530235
2015-07-08,2016-07-06,PNW,XEL,0.06945042183990868,2025-12-09 23:36:25.530235
2015-07-08,2016-07-06,DTE,PCG,0.07293328631527186,2025-12-09 23:36:25.530235
2015-07-08,2016-07-06,CMS,PNW,0.0796446090391339,2025-12-09 23:36:25.530235
2015-07-08,2016-07-06,AEP,SO,0.10570755791095862,2025-12-09 23:36:25.530235
2015-07-08,2016-07-06,AEP,NEE,0.12528958916404026,2025-12-09 23:36:25.530235
2015-07-08,2016-07-06,AEP,DTE,0.1272913473257573,2025-12-09 23:36:25.530235
2015-07-08,2016-07-06,AEP,PCG,0.13014582930353058,2025-12-09 23:36:25.530235
2015-07-08,2016-07-06,ED,PNW,0.13523821741816755,2025-12-09 23:36:25.530235
2015-07-08,2016-07-06,ED,XEL,0.14004853923101285,2025-12-09 23:36:25.530235
2016-01-06,2017-01-04,ATO,CMS,0.04593711771972353,2025-12-09 23:36:25.721994
2016-01-06,2017-01-04,ED,WEC,0.07340919999962095,2025-12-09 23:36:25.721994
2016-01-06,2017-01-04,CMS,WEC,0.07344989974883265,2025-12-09 23:36:25.721994
2016-01-06,2017-01-04,DTE,PNW,0.09901505692954066,2025-12-09 23:36:25.721994
2016-01-06,2017-01-04,AEP,DUK,0.10247602860288225,2025-12-09 23:36:25.721994
2016-01-06,2017-01-04,DUK,XEL,0.10307464963172609,2025-12-09 23:36:25.721994
2016-01-06,2017-01-04,SRE,XEL,0.11590588751379936,2025-12-09 23:36:25.721994
2016-01-06,2017-01-04,CMS,ED,0.13310072406662032,2025-12-09 23:36:25.721994
2016-01-06,2017-01-04,ED,XEL,0.14760218660801644,2025-12-09 23:36:25.721994
2016-01-06,2017-01-04,NEE,PCG,0.147927135242781,2025-12-09 23:36:25.721994
2016-07-07,2017-07-06,ATO,CMS,0.02203323575449588,2025-12-09 23:36:25.931771
2016-07-07,2017-07-06,CMS,XEL,0.032046804467441035,2025-12-09 23:36:25.931771
2016-07-07,2017-07-06,CMS,ED,0.03329733025678812,2025-12-09 23:36:25.931771
2016-07-07,2017-07-06,CMS,ES,0.03438938581587149,2025-12-09 23:36:25.931771
2016-07-07,2017-07-06,ES,XEL,0.04359346775155741,2025-12-09 23:36:25.931771
2016-07-07,2017-07-06,DUK,ED,0.04399827170258861,2025-12-09 23:36:25.931771
2016-07-07,2017-07-06,ATO,ES,0.04663470982784308,2025-12-09 23:36:25.931771
2016-07-07,2017-07-06,EIX,PCG,0.05010877709023859,2025-12-09 23:36:25.931771
2016-07-07,2017-07-06,ATO,XEL,0.05135360488008035,2025-12-09 23:36:25.931771
2016-07-07,2017-07-06,DUK,SRE,0.0616290099330315,2025-12-09 23:36:25.931771
2017-01-05,2018-01-04,CMS,ES,0.04095510517188848,2025-12-09 23:36:26.182118
2017-01-05,2018-01-04,DUK,PNW,0.04574946424708867,2025-12-09 23:36:26.182118
2017-01-05,2018-01-04,DUK,ES,0.049731849903832726,2025-12-09 23:36:26.182118
2017-01-05,2018-01-04,AEP,ED,0.05028962059109485,2025-12-09 23:36:26.182118
2017-01-05,2018-01-04,CMS,ED,0.05106709019427662,2025-12-09 23:36:26.182118
2017-01-05,2018-01-04,LNT,WEC,0.05468509623450108,2025-12-09 23:36:26.182118
2017-01-05,2018-01-04,DTE,LNT,0.0556411922440033,2025-12-09 23:36:26.182118
2017-01-05,2018-01-04,AEE,LNT,0.056551271438744916,2025-12-09 23:36:26.182118
2017-01-05,2018-01-04,ES,PNW,0.05892512806749792,2025-12-09 23:36:26.182118
2017-01-05,2018-01-04,DTE,DUK,0.06481309095531537,2025-12-09 23:36:26.182118
2010-01-04,2010-12-31,EVRG,SO,0.07515052101996651,2025-12-09 23:37:42.034243
2010-01-04,2010-12-31,SO,WEC,0.10321180779710216,2025-12-09 23:37:42.034243
2010-01-04,2010-12-31,AEP,DUK,0.10632222022254027,2025-12-09 23:37:42.034243
2010-01-04,2010-12-31,DUK,ED,0.13350594731129695,2025-12-09 23:37:42.034243
2010-01-04,2010-12-31,NI,PNW,0.13572040880996425,2025-12-09 23:37:42.034243
2010-01-04,2010-12-31,PNW,XEL,0.14358031821177086,2025-12-09 23:37:42.034243
2010-01-04,2010-12-31,EVRG,WEC,0.14638366260832267,2025-12-09 23:37:42.034243
2010-01-04,2010-12-31,ED,XEL,0.1526560624755072,2025-12-09 23:37:42.034243
2010-01-04,2010-12-31,DUK,PCG,0.1573010919723058,2025-12-09 23:37:42.034243
2010-01-04,2010-12-31,ATO,EIX,0.16527821632059364,2025-12-09 23:37:42.034243
2010-01-04,2010-12-31,CLX,CPB,0.13994455568299302,2025-12-09 23:39:46.711809
2010-01-04,2010-12-31,CLX,PEP,0.1734364043219656,2025-12-09 23:39:46.711809
2010-01-04,2010-12-31,CPB,SYY,0.280681351947501,2025-12-09 23:39:46.711809
2010-01-04,2010-12-31,GIS,PG,0.2870046798690965,2025-12-09 23:39:46.711809
2010-01-04,2010-12-31,HRL,MKC,0.30215653098085193,2025-12-09 23:39:46.711809
2010-01-04,2010-12-31,CPB,PEP,0.3044574627184086,2025-12-09 23:39:46.711809
2010-01-04,2010-12-31,CL,K,0.3215817681733175,2025-12-09 23:39:46.711809
2010-01-04,2010-12-31,PEP,SYY,0.34340633212905936,2025-12-09 23:39:46.711809
2010-01-04,2010-12-31,CLX,SYY,0.3586054535022398,2025-12-09 23:39:46.711809
2010-01-04,2010-12-31,KO,TAP,0.38630715965319296,2025-12-09 23:39:46.711809
2010-07-06,2011-07-01,CLX,KMB,0.1666306963887506,2025-12-09 23:39:46.894501
2010-07-06,2011-07-01,CAG,CL,0.199164595027502,2025-12-09 23:39:46.894501
2010-07-06,2011-07-01,KMB,PEP,0.22056369108365814,2025-12-09 23:39:46.894501
2010-07-06,2011-07-01,CAG,K,0.28597443789046484,2025-12-09 23:39:46.894501
2010-07-06,2011-07-01,GIS,K,0.28726281378159324,2025-12-09 23:39:46.894501
2010-07-06,2011-07-01,PEP,PG,0.29521590459192276,2025-12-09 23:39:46.894501
2010-07-06,2011-07-01,CL,K,0.31019490406464334,2025-12-09 23:39:46.894501
2010-07-06,2011-07-01,HSY,K,0.3622332520680221,2025-12-09 23:39:46.894501
2010-07-06,2011-07-01,PG,WMT,0.4056105545232843,2025-12-09 23:39:46.894501
2010-07-06,2011-07-01,CL,GIS,0.42089808542683266,2025-12-09 23:39:46.894501
2011-01-03,2011-12-30,GIS,KMB,0.20134242320721768,2025-12-09 23:39:47.079662
2011-01-03,2011-12-30,PEP,SYY,0.23337600301570294,2025-12-09 23:39:47.079662
2011-01-03,2011-12-30,CAG,HRL,0.2521270097899515,2025-12-09 23:39:47.079662
2011-01-03,2011-12-30,CL,KMB,0.26083073206259644,2025-12-09 23:39:47.079662
2011-01-03,2011-12-30,CL,COST,0.27019130795570123,2025-12-09 23:39:47.079662
2011-01-03,2011-12-30,COST,GIS,0.2727103448813696,2025-12-09 23:39:47.079662
2011-01-03,2011-12-30,PG,WMT,0.2873412963864851,2025-12-09 23:39:47.079662
2011-01-03,2011-12-30,COST,KMB,0.2875208540298664,2025-12-09 23:39:47.079662
2011-01-03,2011-12-30,CHD,HSY,0.32330651438541513,2025-12-09 23:39:47.079662
2011-01-03,2011-12-30,HRL,SJM,0.3437018310513352,2025-12-09 23:39:47.079662
2011-07-05,2012-07-02,KR,TAP,0.17356021937454968,2025-12-09 23:39:47.431414
2011-07-05,2012-07-02,CAG,SJM,0.19386008737497806,2025-12-09 23:39:47.431414
2011-07-05,2012-07-02,CPB,HRL,0.21299566845266085,2025-12-09 23:39:47.431414
2011-07-05,2012-07-02,KR,SYY,0.23832551482643904,2025-12-09 23:39:47.431414
2011-07-05,2012-07-02,CAG,PG,0.2398382320097489,2025-12-09 23:39:47.431414
2011-07-05,2012-07-02,CL,HSY,0.2718889178686714,2025-12-09 23:39:47.431414
2011-07-05,2012-07-02,PG,SJM,0.28938022059280466,2025-12-09 23:39:47.431414
2011-07-05,2012-07-02,CL,KO,0.33374512728231953,2025-12-09 23:39:47.431414
2011-07-05,2012-07-02,CHD,MO,0.37219653569158057,2025-12-09 23:39:47.431414
2011-07-05,2012-07-02,KMB,MO,0.380770679851804,2025-12-09 23:39:47.431414
2012-01-03,2013-01-03,HSY,KMB,0.15414542195891812,2025-12-09 23:39:47.621173
2012-01-03,2013-01-03,CL,KMB,0.17002269017228128,2025-12-09 23:39:47.621173
2012-01-03,2013-01-03,CHD,MO,0.22140420221905993,2025-12-09 23:39:47.621173
2012-01-03,2013-01-03,GIS,HRL,0.25700475625678154,2025-12-09 23:39:47.621173
2012-01-03,2013-01-03,CL,HSY,0.2717892998381678,2025-12-09 23:39:47.621173
2012-01-03,2013-01-03,CAG,K,0.29653795362404683,2025-12-09 23:39:47.621173
2012-01-03,2013-01-03,CPB,SYY,0.2969968423107109,2025-12-09 23:39:47.621173
2012-01-03,2013-01-03,GIS,PG,0.31238659851146044,2025-12-09 23:39:47.621173
2012-01-03,2013-01-03,K,SYY,0.3253996629342019,2025-12-09 23:39:47.621173
2012-01-03,2013-01-03,CPB,K,0.3340643395486821,2025-12-09 23:39:47.621173
2012-07-03,2013-07-05,KO,MO,0.13374320474610996,2025-12-09 23:39:47.832013
2012-07-03,2013-07-05,CLX,KMB,0.18852744150810324,2025-12-09 23:39:47.832013
2012-07-03,2013-07-05,CL,PEP,0.20020950036370944,2025-12-09 23:39:47.832013
2012-07-03,2013-07-05,MKC,SYY,0.22890101943430752,2025-12-09 23:39:47.832013
2012-07-03,2013-07-05,CLX,HSY,0.25363801973971034,2025-12-09 23:39:47.832013
2012-07-03,2013-07-05,CL,MKC,0.25909813254854086,2025-12-09 23:39:47.832013
2012-07-03,2013-07-05,HSY,KMB,0.2607369412727564,2025-12-09 23:39:47.832013
2012-07-03,2013-07-05,CLX,SYY,0.3105803128385348,2025-12-09 23:39:47.832013
2012-07-03,2013-07-05,KMB,MKC,0.32109103504941955,2025-12-09 23:39:47.832013
2012-07-03,2013-07-05,MO,PM,0.3337323661249333,2025-12-09 23:39:47.832013
2013-01-04,2014-01-03,KO,MKC,0.16130648661279914,2025-12-09 23:39:48.104389
2013-01-04,2014-01-03,GIS,PEP,0.17105993187055366,2025-12-09 23:39:48.104389
2013-01-04,2014-01-03,K,TGT,0.17454150975917287,2025-12-09 23:39:48.104389
2013-01-04,2014-01-03,CLX,PG,0.20710673768875706,2025-12-09 23:39:48.104389
2013-01-04,2014-01-03,CLX,KMB,0.22112282310255718,2025-12-09 23:39:48.104389
2013-01-04,2014-01-03,KO,SYY,0.2237436464357386,2025-12-09 23:39:48.104389
2013-01-04,2014-01-03,CL,MO,0.22861966845004839,2025-12-09 23:39:48.104389
2013-01-04,2014-01-03,MO,WMT,0.2379583291468171,2025-12-09 23:39:48.104389
2013-01-04,2014-01-03,HRL,HSY,0.27411756465869025,2025-12-09 23:39:48.104389
2013-01-04,2014-01-03,CHD,MO,0.276062480477457,2025-12-09 23:39:48.104389
2013-07-08,2014-07-07,KO,MKC,0.15479779195790389,2025-12-09 23:39:48.273834
2013-07-08,2014-07-07,COST,PG,0.15676019550212977,2025-12-09 23:39:48.273834
2013-07-08,2014-07-07,GIS,PEP,0.15897090329797975,2025-12-09 23:39:48.273834
2013-07-08,2014-07-07,PG,WMT,0.238393749678113,2025-12-09 23:39:48.273834
2013-07-08,2014-07-07,KO,WMT,0.2492852158405715,2025-12-09 23:39:48.273834
2013-07-08,2014-07-07,PEP,PG,0.2540806388354382,2025-12-09 23:39:48.273834
2013-07-08,2014-07-07,MKC,WMT,0.2568023576959921,2025-12-09 23:39:48.273834
2013-07-08,2014-07-07,KO,PM,0.2650613877632099,2025-12-09 23:39:48.273834
2013-07-08,2014-07-07,CPB,K,0.2669010664701176,2025-12-09 23:39:48.273834
2013-07-08,2014-07-07,K,MKC,0.2975256124083461,2025-12-09 23:39:48.273834
2014-01-06,2015-01-05,GIS,K,0.0863662749972485,2025-12-09 23:39:48.432261
2014-01-06,2015-01-05,CL,MKC,0.1348156605036012,2025-12-09 23:39:48.432261
2014-01-06,2015-01-05,PG,SYY,0.14902169747911237,2025-12-09 23:39:48.432261
2014-01-06,2015-01-05,CHD,KMB,0.17739677384635882,2025-12-09 23:39:48.432261
2014-01-06,2015-01-05,CLX,PG,0.18313086108985263,2025-12-09 23:39:48.432261
2014-01-06,2015-01-05,PM,SJM,0.19926368192706947,2025-12-09 23:39:48.432261
2014-01-06,2015-01-05,CL,CPB,0.20623401952669118,2025-12-09 23:39:48.432261
2014-01-06,2015-01-05,CPB,MKC,0.24213143031425918,2025-12-09 23:39:48.432261
2014-01-06,2015-01-05,DLTR,TGT,0.25109964192052736,2025-12-09 23:39:48.432261
2014-01-06,2015-01-05,CL,SYY,0.2540732873963928,2025-12-09 23:39:48.432261
2014-07-08,2015-07-07,CL,K,0.18453803515361755,2025-12-09 23:39:48.628130
2014-07-08,2015-07-07,CPB,GIS,0.21592075182131582,2025-12-09 23:39:48.628130
2014-07-08,2015-07-07,PG,SYY,0.22516683411931893,2025-12-09 23:39:48.628130
2014-07-08,2015-07-07,PEP,SYY,0.3014554320039013,2025-12-09 23:39:48.628130
2014-07-08,2015-07-07,SYY,WMT,0.3365805147307832,2025-12-09 23:39:48.628130
2014-07-08,2015-07-07,KO,TAP,0.33979701412986485,2025-12-09 23:39:48.628130
2014-07-08,2015-07-07,GIS,MKC,0.344002451470991,2025-12-09 23:39:48.628130
2014-07-08,2015-07-07,KO,PM,0.3583008297829625,2025-12-09 23:39:48.628130
2014-07-08,2015-07-07,KMB,TAP,0.3655876151265066,2025-12-09 23:39:48.628130
2014-07-08,2015-07-07,K,KO,0.38959993686509464,2025-12-09 23:39:48.628130
2015-01-06,2016-01-05,GIS,MKC,0.2099675209546274,2025-12-09 23:39:48.907150
2015-01-06,2016-01-05,PEP,PM,0.23205984889559347,2025-12-09 23:39:48.907150
2015-01-06,2016-01-05,CHD,GIS,0.29574138638366265,2025-12-09 23:39:48.907150
2015-01-06,2016-01-05,CLX,MO,0.3554103623698335,2025-12-09 23:39:48.907150
2015-01-06,2016-01-05,CL,KO,0.3714439422440923,2025-12-09 23:39:48.907150
2015-01-06,2016-01-05,KMB,KO,0.374758624249328,2025-12-09 23:39:48.907150
2015-01-06,2016-01-05,K,PEP,0.3856389543786052,2025-12-09 23:39:48.907150
2015-01-06,2016-01-05,K,PM,0.3930910291610089,2025-12-09 23:39:48.907150
2015-01-06,2016-01-05,CLX,MKC,0.40110992161693526,2025-12-09 23:39:48.907150
2015-01-06,2016-01-05,KO,SYY,0.48439231861966114,2025-12-09 23:39:48.907150
2015-07-08,2016-07-06,MKC,PM,0.2307813552034149,2025-12-09 23:39:49.115471
2015-07-08,2016-07-06,CL,EL,0.25272144463700863,2025-12-09 23:39:49.115471
2015-07-08,2016-07-06,CL,PEP,0.2559142229928376,2025-12-09 23:39:49.115471
2015-07-08,2016-07-06,CHD,GIS,0.2670982625132404,2025-12-09 23:39:49.115471
2015-07-08,2016-07-06,GIS,PEP,0.39014353837564925,2025-12-09 23:39:49.115471
2015-07-08,2016-07-06,K,MKC,0.40240413293758626,2025-12-09 23:39:49.115471
2015-07-08,2016-07-06,K,KMB,0.4138086644602942,2025-12-09 23:39:49.115471
2015-07-08,2016-07-06,CL,GIS,0.4191004630720542,2025-12-09 23:39:49.115471
2015-07-08,2016-07-06,CLX,MO,0.46998120484783545,2025-12-09 23:39:49.115471
2015-07-08,2016-07-06,K,SJM,0.475282556340764,2025-12-09 23:39:49.115471
2016-01-06,2017-01-04,CL,PM,0.13253756636866051,2025-12-09 23:39:49.326546
2016-01-06,2017-01-04,CHD,MKC,0.16309047980260238,2025-12-09 23:39:49.326546
2016-01-06,2017-01-04,MO,WMT,0.26107989940283655,2025-12-09 23:39:49.326546
2016-01-06,2017-01-04,CLX,KMB,0.3089437337911689,2025-12-09 23:39:49.326546
2016-01-06,2017-01-04,PG,WMT,0.3249051211194326,2025-12-09 23:39:49.326546
2016-01-06,2017-01-04,GIS,MKC,0.3345173594328509,2025-12-09 23:39:49.326546
2016-01-06,2017-01-04,CAG,MO,0.35585262276993856,2025-12-09 23:39:49.326546
2016-01-06,2017-01-04,CL,STZ,0.35588781258638635,2025-12-09 23:39:49.326546
2016-01-06,2017-01-04,K,PEP,0.363457960636706,2025-12-09 23:39:49.326546
2016-01-06,2017-01-04,STZ,TAP,0.37893609845864157,2025-12-09 23:39:49.326546
2016-07-07,2017-07-06,CLX,KMB,0.06867028676053583,2025-12-09 23:39:49.524166
2016-07-07,2017-07-06,CHD,CL,0.21960211953285025,2025-12-09 23:39:49.524166
2016-07-07,2017-07-06,CHD,KO,0.2692738213757161,2025-12-09 23:39:49.524166
2016-07-07,2017-07-06,KMB,MKC,0.2755814963803668,2025-12-09 23:39:49.524166
2016-07-07,2017-07-06,CHD,CLX,0.27819555773145516,2025-12-09 23:39:49.524166
2016-07-07,2017-07-06,GIS,SJM,0.29274771821605716,2025-12-09 23:39:49.524166
2016-07-07,2017-07-06,CLX,MKC,0.3129133607715659,2025-12-09 23:39:49.524166
2016-07-07,2017-07-06,HRL,TAP,0.33222536793984103,2025-12-09 23:39:49.524166
2016-07-07,2017-07-06,CHD,KMB,0.335457589569471,2025-12-09 23:39:49.524166
2016-07-07,2017-07-06,CHD,EL,0.34887509531858774,2025-12-09 23:39:49.524166
2017-01-05,2018-01-04,CL,PEP,0.22647407560669128,2025-12-09 23:39:49.723544
2017-01-05,2018-01-04,CL,MKC,0.22906761747185317,2025-12-09 23:39:49.723544
2017-01-05,2018-01-04,HSY,MKC,0.2402620319219376,2025-12-09 23:39:49.723544
2017-01-05,2018-01-04,CLX,PEP,0.2683356827684202,2025-12-09 23:39:49.723544
2017-01-05,2018-01-04,KO,PEP,0.28936886562219616,2025-12-09 23:39:49.723544
2017-01-05,2018-01-04,CAG,K,0.35492740745209206,2025-12-09 23:39:49.723544
2017-01-05,2018-01-04,CL,CLX,0.3588491803829245,2025-12-09 23:39:49.723544
2017-01-05,2018-01-04,HSY,PG,0.36059904146026833,2025-12-09 23:39:49.723544
2017-01-05,2018-01-04,GIS,K,0.38317297450516663,2025-12-09 23:39:49.723544
2017-01-05,2018-01-04,GIS,HRL,0.38944926451413564,2025-12-09 23:39:49.723544
2010-01-04,2010-12-31,CLX,CPB,0.13994455568299302,2025-12-09 23:41:26.172179
2010-01-04,2010-12-31,CLX,PEP,0.1734364043219656,2025-12-09 23:41:26.172179
2010-01-04,2010-12-31,CPB,SYY,0.280681351947501,2025-12-09 23:41:26.172179
2010-01-04,2010-12-31,GIS,PG,0.2870046798690965,2025-12-09 23:41:26.172179
2010-01-04,2010-12-31,HRL,MKC,0.30215653098085193,2025-12-09 23:41:26.172179
2010-01-04,2010-12-31,CPB,PEP,0.3044574627184086,2025-12-09 23:41:26.172179
2010-01-04,2010-12-31,CL,K,0.3215817681733175,2025-12-09 23:41:26.172179
2010-01-04,2010-12-31,PEP,SYY,0.34340633212905936,2025-12-09 23:41:26.172179
2010-01-04,2010-12-31,CLX,SYY,0.3586054535022398,2025-12-09 23:41:26.172179
2010-01-04,2010-12-31,KO,TAP,0.38630715965319296,2025-12-09 23:41:26.172179
